ZipCode,ClimateZone,WeatherFile,WthrStationNum,IsValid
96006,16,ALTURAS_725958,725958,1
96015,16,ALTURAS_725958,725958,1
96054,16,ALTURAS_725958,725958,1
96056,16,ALTURAS_725958,725958,1
96056,16,ALTURAS_725958,725958,1
96056,16,ALTURAS_725958,725958,1
96101,16,ALTURAS_725958,725958,1
96104,16,ALTURAS_725958,725958,1
96108,16,ALTURAS_725958,725958,1
96112,16,ALTURAS_725958,725958,1
96115,16,ALTURAS_725958,725958,1
96116,16,ALTURAS_725958,725958,1
96117,16,ALTURAS_725958,725958,1
96119,16,ALTURAS_725958,725958,1
96123,16,ALTURAS_725958,725958,1
96130,16,ALTURAS_725958,725958,1
96132,16,ALTURAS_725958,725958,1
95519,1,ARCATA_725945,725945,1
95525,1,ARCATA_725945,725945,1
95546,1,ARCATA_725945,725945,1
95555,1,ARCATA_725945,725945,1
95570,1,ARCATA_725945,725945,1
93203,13,BAKERSFIELD_723840,723840,1
93206,13,BAKERSFIELD_723840,723840,1
93224,13,BAKERSFIELD_723840,723840,1
93225,13,BAKERSFIELD_723840,723840,1
93226,13,BAKERSFIELD_723840,723840,1
93241,13,BAKERSFIELD_723840,723840,1
93243,13,BAKERSFIELD_723840,723840,1
93250,13,BAKERSFIELD_723840,723840,1
93251,13,BAKERSFIELD_723840,723840,1
93251,13,BAKERSFIELD_723840,723840,1
93252,13,BAKERSFIELD_723840,723840,1
93252,13,BAKERSFIELD_723840,723840,1
93252,13,BAKERSFIELD_723840,723840,1
93252,13,BAKERSFIELD_723840,723840,1
93263,13,BAKERSFIELD_723840,723840,1
93268,13,BAKERSFIELD_723840,723840,1
93276,13,BAKERSFIELD_723840,723840,1
93280,13,BAKERSFIELD_723840,723840,1
93285,13,BAKERSFIELD_723840,723840,1
93301,13,BAKERSFIELD_723840,723840,1
93304,13,BAKERSFIELD_723840,723840,1
93305,13,BAKERSFIELD_723840,723840,1
93306,13,BAKERSFIELD_723840,723840,1
93307,13,BAKERSFIELD_723840,723840,1
93308,13,BAKERSFIELD_723840,723840,1
93309,13,BAKERSFIELD_723840,723840,1
93311,13,BAKERSFIELD_723840,723840,1
93312,13,BAKERSFIELD_723840,723840,1
93313,13,BAKERSFIELD_723840,723840,1
93314,13,BAKERSFIELD_723840,723840,1
93453,13,BAKERSFIELD_723840,723840,1
93518,13,BAKERSFIELD_723840,723840,1
93560,13,BAKERSFIELD_723840,723840,1
93561,13,BAKERSFIELD_723840,723840,1
92328,16,BISHOP_724800,724800,1
93262,16,BISHOP_724800,724800,1
93265,16,BISHOP_724800,724800,1
93271,16,BISHOP_724800,724800,1
93286,16,BISHOP_724800,724800,1
93512,16,BISHOP_724800,724800,1
93513,16,BISHOP_724800,724800,1
93514,16,BISHOP_724800,724800,1
93514,16,BISHOP_724800,724800,1
93526,16,BISHOP_724800,724800,1
93529,16,BISHOP_724800,724800,1
93541,16,BISHOP_724800,724800,1
93545,16,BISHOP_724800,724800,1
93546,16,BISHOP_724800,724800,1
93601,16,BISHOP_724800,724800,1
93601,16,BISHOP_724800,724800,1
93602,16,BISHOP_724800,724800,1
93602,16,BISHOP_724800,724800,1
93604,16,BISHOP_724800,724800,1
93614,16,BISHOP_724800,724800,1
93621,16,BISHOP_724800,724800,1
93623,16,BISHOP_724800,724800,1
93626,16,BISHOP_724800,724800,1
93633,16,BISHOP_724800,724800,1
93633,16,BISHOP_724800,724800,1
93641,16,BISHOP_724800,724800,1
93643,16,BISHOP_724800,724800,1
93644,16,BISHOP_724800,724800,1
93644,16,BISHOP_724800,724800,1
93657,16,BISHOP_724800,724800,1
93664,16,BISHOP_724800,724800,1
93667,16,BISHOP_724800,724800,1
93669,16,BISHOP_724800,724800,1
95318,16,BISHOP_724800,724800,1
95338,16,BISHOP_724800,724800,1
95389,16,BISHOP_724800,724800,1
95389,16,BISHOP_724800,724800,1
95469,16,BLUE-CANYON_725845,725845,1
95469,16,BLUE-CANYON_725845,725845,1
95631,16,BLUE-CANYON_725845,725845,1
95633,16,BLUE-CANYON_725845,725845,1
95634,16,BLUE-CANYON_725845,725845,1
95635,16,BLUE-CANYON_725845,725845,1
95667,16,BLUE-CANYON_725845,725845,1
95701,16,BLUE-CANYON_725845,725845,1
95709,16,BLUE-CANYON_725845,725845,1
95713,16,BLUE-CANYON_725845,725845,1
95714,16,BLUE-CANYON_725845,725845,1
95715,16,BLUE-CANYON_725845,725845,1
95717,16,BLUE-CANYON_725845,725845,1
95724,16,BLUE-CANYON_725845,725845,1
95724,16,BLUE-CANYON_725845,725845,1
95910,16,BLUE-CANYON_725845,725845,1
95915,16,BLUE-CANYON_725845,725845,1
95916,16,BLUE-CANYON_725845,725845,1
95919,16,BLUE-CANYON_725845,725845,1
95922,16,BLUE-CANYON_725845,725845,1
95922,16,BLUE-CANYON_725845,725845,1
95923,16,BLUE-CANYON_725845,725845,1
95925,16,BLUE-CANYON_725845,725845,1
95934,16,BLUE-CANYON_725845,725845,1
95935,16,BLUE-CANYON_725845,725845,1
95936,16,BLUE-CANYON_725845,725845,1
95939,16,BLUE-CANYON_725845,725845,1
95941,16,BLUE-CANYON_725845,725845,1
95941,16,BLUE-CANYON_725845,725845,1
95942,16,BLUE-CANYON_725845,725845,1
95942,16,BLUE-CANYON_725845,725845,1
95944,16,BLUE-CANYON_725845,725845,1
95945,16,BLUE-CANYON_725845,725845,1
95947,16,BLUE-CANYON_725845,725845,1
95954,16,BLUE-CANYON_725845,725845,1
95956,16,BLUE-CANYON_725845,725845,1
95959,16,BLUE-CANYON_725845,725845,1
95960,16,BLUE-CANYON_725845,725845,1
95960,16,BLUE-CANYON_725845,725845,1
95963,16,BLUE-CANYON_725845,725845,1
95965,16,BLUE-CANYON_725845,725845,1
95966,16,BLUE-CANYON_725845,725845,1
95971,16,BLUE-CANYON_725845,725845,1
95973,16,BLUE-CANYON_725845,725845,1
95979,16,BLUE-CANYON_725845,725845,1
95981,16,BLUE-CANYON_725845,725845,1
95981,16,BLUE-CANYON_725845,725845,1
95983,16,BLUE-CANYON_725845,725845,1
95984,16,BLUE-CANYON_725845,725845,1
96020,16,BLUE-CANYON_725845,725845,1
96103,16,BLUE-CANYON_725845,725845,1
96106,16,BLUE-CANYON_725845,725845,1
96125,16,BLUE-CANYON_725845,725845,1
96137,16,BLUE-CANYON_725845,725845,1
96137,16,BLUE-CANYON_725845,725845,1
92225,15,BLYTHE-RIVERSIDE-CO_747188,747188,1
92239,15,BLYTHE-RIVERSIDE-CO_747188,747188,1
92242,15,BLYTHE-RIVERSIDE-CO_747188,747188,1
92280,15,BLYTHE-RIVERSIDE-CO_747188,747188,1
90024,9,BURBANK-GLENDALE_722880,722880,1
90027,9,BURBANK-GLENDALE_722880,722880,1
90028,9,BURBANK-GLENDALE_722880,722880,1
90046,9,BURBANK-GLENDALE_722880,722880,1
90068,9,BURBANK-GLENDALE_722880,722880,1
90069,9,BURBANK-GLENDALE_722880,722880,1
90210,9,BURBANK-GLENDALE_722880,722880,1
90212,9,BURBANK-GLENDALE_722880,722880,1
91001,9,BURBANK-GLENDALE_722880,722880,1
91011,9,BURBANK-GLENDALE_722880,722880,1
91020,9,BURBANK-GLENDALE_722880,722880,1
91040,9,BURBANK-GLENDALE_722880,722880,1
91042,9,BURBANK-GLENDALE_722880,722880,1
91103,9,BURBANK-GLENDALE_722880,722880,1
91201,9,BURBANK-GLENDALE_722880,722880,1
91202,9,BURBANK-GLENDALE_722880,722880,1
91203,9,BURBANK-GLENDALE_722880,722880,1
91204,9,BURBANK-GLENDALE_722880,722880,1
91206,9,BURBANK-GLENDALE_722880,722880,1
91207,9,BURBANK-GLENDALE_722880,722880,1
91208,9,BURBANK-GLENDALE_722880,722880,1
91214,9,BURBANK-GLENDALE_722880,722880,1
91352,9,BURBANK-GLENDALE_722880,722880,1
91501,9,BURBANK-GLENDALE_722880,722880,1
91502,9,BURBANK-GLENDALE_722880,722880,1
91504,9,BURBANK-GLENDALE_722880,722880,1
91505,9,BURBANK-GLENDALE_722880,722880,1
91506,9,BURBANK-GLENDALE_722880,722880,1
91521,9,BURBANK-GLENDALE_722880,722880,1
91522,9,BURBANK-GLENDALE_722880,722880,1
91523,9,BURBANK-GLENDALE_722880,722880,1
91601,9,BURBANK-GLENDALE_722880,722880,1
91602,9,BURBANK-GLENDALE_722880,722880,1
91604,9,BURBANK-GLENDALE_722880,722880,1
91605,9,BURBANK-GLENDALE_722880,722880,1
91606,9,BURBANK-GLENDALE_722880,722880,1
91607,9,BURBANK-GLENDALE_722880,722880,1
91608,9,BURBANK-GLENDALE_722880,722880,1
93510,9,BURBANK-GLENDALE_722880,722880,1
91301,6,CAMARILLO_723926,723926,1
91320,6,CAMARILLO_723926,723926,1
91361,6,CAMARILLO_723926,723926,1
93010,6,CAMARILLO_723926,723926,1
93012,6,CAMARILLO_723926,723926,1
93021,6,CAMARILLO_723926,723926,1
93060,6,CAMARILLO_723926,723926,1
93066,6,CAMARILLO_723926,723926,1
91901,10,CAMP-PENDLETON_722926,722926,1
91902,10,CAMP-PENDLETON_722926,722926,1
91906,10,CAMP-PENDLETON_722926,722926,1
91913,10,CAMP-PENDLETON_722926,722926,1
91914,10,CAMP-PENDLETON_722926,722926,1
91915,10,CAMP-PENDLETON_722926,722926,1
91917,10,CAMP-PENDLETON_722926,722926,1
91935,10,CAMP-PENDLETON_722926,722926,1
91941,10,CAMP-PENDLETON_722926,722926,1
91942,10,CAMP-PENDLETON_722926,722926,1
91963,10,CAMP-PENDLETON_722926,722926,1
91977,10,CAMP-PENDLETON_722926,722926,1
91978,10,CAMP-PENDLETON_722926,722926,1
91980,10,CAMP-PENDLETON_722926,722926,1
92003,10,CAMP-PENDLETON_722926,722926,1
92019,10,CAMP-PENDLETON_722926,722926,1
92020,10,CAMP-PENDLETON_722926,722926,1
92021,10,CAMP-PENDLETON_722926,722926,1
92024,10,CAMP-PENDLETON_722926,722926,1
92025,10,CAMP-PENDLETON_722926,722926,1
92026,10,CAMP-PENDLETON_722926,722926,1
92027,10,CAMP-PENDLETON_722926,722926,1
92028,10,CAMP-PENDLETON_722926,722926,1
92028,10,CAMP-PENDLETON_722926,722926,1
92029,10,CAMP-PENDLETON_722926,722926,1
92040,10,CAMP-PENDLETON_722926,722926,1
92055,10,CAMP-PENDLETON_722926,722926,1
92057,10,CAMP-PENDLETON_722926,722926,1
92059,10,CAMP-PENDLETON_722926,722926,1
92061,10,CAMP-PENDLETON_722926,722926,1
92064,10,CAMP-PENDLETON_722926,722926,1
92065,10,CAMP-PENDLETON_722926,722926,1
92067,10,CAMP-PENDLETON_722926,722926,1
92069,10,CAMP-PENDLETON_722926,722926,1
92070,10,CAMP-PENDLETON_722926,722926,1
92071,10,CAMP-PENDLETON_722926,722926,1
92078,10,CAMP-PENDLETON_722926,722926,1
92081,10,CAMP-PENDLETON_722926,722926,1
92082,10,CAMP-PENDLETON_722926,722926,1
92083,10,CAMP-PENDLETON_722926,722926,1
92084,10,CAMP-PENDLETON_722926,722926,1
92091,10,CAMP-PENDLETON_722926,722926,1
92096,10,CAMP-PENDLETON_722926,722926,1
92119,10,CAMP-PENDLETON_722926,722926,1
92120,10,CAMP-PENDLETON_722926,722926,1
92124,10,CAMP-PENDLETON_722926,722926,1
92127,10,CAMP-PENDLETON_722926,722926,1
92128,10,CAMP-PENDLETON_722926,722926,1
92129,10,CAMP-PENDLETON_722926,722926,1
92131,10,CAMP-PENDLETON_722926,722926,1
92145,10,CAMP-PENDLETON_722926,722926,1
92154,10,CAMP-PENDLETON_722926,722926,1
92536,10,CAMP-PENDLETON_722926,722926,1
92562,10,CAMP-PENDLETON_722926,722926,1
92590,10,CAMP-PENDLETON_722926,722926,1
92591,10,CAMP-PENDLETON_722926,722926,1
92592,10,CAMP-PENDLETON_722926,722926,1
92675,10,CAMP-PENDLETON_722926,722926,1
92675,10,CAMP-PENDLETON_722926,722926,1
92003,7,CARLSBAD_722927,722927,1
92007,7,CARLSBAD_722927,722927,1
92008,7,CARLSBAD_722927,722927,1
92009,7,CARLSBAD_722927,722927,1
92010,7,CARLSBAD_722927,722927,1
92011,7,CARLSBAD_722927,722927,1
92014,7,CARLSBAD_722927,722927,1
92024,7,CARLSBAD_722927,722927,1
92028,7,CARLSBAD_722927,722927,1
92029,7,CARLSBAD_722927,722927,1
92054,7,CARLSBAD_722927,722927,1
92055,7,CARLSBAD_722927,722927,1
92056,7,CARLSBAD_722927,722927,1
92057,7,CARLSBAD_722927,722927,1
92058,7,CARLSBAD_722927,722927,1
92067,7,CARLSBAD_722927,722927,1
92075,7,CARLSBAD_722927,722927,1
92078,7,CARLSBAD_722927,722927,1
92081,7,CARLSBAD_722927,722927,1
92083,7,CARLSBAD_722927,722927,1
92084,7,CARLSBAD_722927,722927,1
92091,7,CARLSBAD_722927,722927,1
92127,7,CARLSBAD_722927,722927,1
92530,7,CARLSBAD_722927,722927,1
92562,7,CARLSBAD_722927,722927,1
92672,7,CARLSBAD_722927,722927,1
92672,7,CARLSBAD_722927,722927,1
92675,7,CARLSBAD_722927,722927,1
92328,14,CHINA-LAKE_746120,746120,1
93528,14,CHINA-LAKE_746120,746120,1
93554,14,CHINA-LAKE_746120,746120,1
93555,14,CHINA-LAKE_746120,746120,1
93555,14,CHINA-LAKE_746120,746120,1
93555,14,CHINA-LAKE_746120,746120,1
93562,14,CHINA-LAKE_746120,746120,1
91701,10,CHINO_722899,722899,1
91708,10,CHINO_722899,722899,1
91709,10,CHINO_722899,722899,1
91710,10,CHINO_722899,722899,1
91710,10,CHINO_722899,722899,1
91711,10,CHINO_722899,722899,1
91730,10,CHINO_722899,722899,1
91737,10,CHINO_722899,722899,1
91739,10,CHINO_722899,722899,1
91752,10,CHINO_722899,722899,1
91759,10,CHINO_722899,722899,1
91761,10,CHINO_722899,722899,1
91762,10,CHINO_722899,722899,1
91763,10,CHINO_722899,722899,1
91764,10,CHINO_722899,722899,1
91765,10,CHINO_722899,722899,1
91766,10,CHINO_722899,722899,1
91766,10,CHINO_722899,722899,1
91767,10,CHINO_722899,722899,1
91784,10,CHINO_722899,722899,1
91786,10,CHINO_722899,722899,1
91786,10,CHINO_722899,722899,1
92676,10,CHINO_722899,722899,1
92823,10,CHINO_722899,722899,1
92860,10,CHINO_722899,722899,1
92880,10,CHINO_722899,722899,1
92880,10,CHINO_722899,722899,1
92882,10,CHINO_722899,722899,1
92886,10,CHINO_722899,722899,1
92887,10,CHINO_722899,722899,1
94503,12,CONCORD_724936,724936,1
94503,12,CONCORD_724936,724936,1
94507,12,CONCORD_724936,724936,1
94509,12,CONCORD_724936,724936,1
94510,12,CONCORD_724936,724936,1
94518,12,CONCORD_724936,724936,1
94519,12,CONCORD_724936,724936,1
94520,12,CONCORD_724936,724936,1
94521,12,CONCORD_724936,724936,1
94523,12,CONCORD_724936,724936,1
94525,12,CONCORD_724936,724936,1
94530,12,CONCORD_724936,724936,1
94531,12,CONCORD_724936,724936,1
94547,12,CONCORD_724936,724936,1
94548,12,CONCORD_724936,724936,1
94549,12,CONCORD_724936,724936,1
94553,12,CONCORD_724936,724936,1
94556,12,CONCORD_724936,724936,1
94561,12,CONCORD_724936,724936,1
94561,12,CONCORD_724936,724936,1
94563,12,CONCORD_724936,724936,1
94564,12,CONCORD_724936,724936,1
94565,12,CONCORD_724936,724936,1
94569,12,CONCORD_724936,724936,1
94572,12,CONCORD_724936,724936,1
94591,12,CONCORD_724936,724936,1
94595,12,CONCORD_724936,724936,1
94596,12,CONCORD_724936,724936,1
94597,12,CONCORD_724936,724936,1
94598,12,CONCORD_724936,724936,1
94611,12,CONCORD_724936,724936,1
94611,12,CONCORD_724936,724936,1
94704,12,CONCORD_724936,724936,1
94705,12,CONCORD_724936,724936,1
94708,12,CONCORD_724936,724936,1
94708,12,CONCORD_724936,724936,1
94803,12,CONCORD_724936,724936,1
95531,1,CRESCENT-CITY_725946,725946,1
95543,1,CRESCENT-CITY_725946,725946,1
95548,1,CRESCENT-CITY_725946,725946,1
95567,1,CRESCENT-CITY_725946,725946,1
92307,14,DAGGETT-BARSTOW_723815,723815,1
92308,14,DAGGETT-BARSTOW_723815,723815,1
92309,14,DAGGETT-BARSTOW_723815,723815,1
92310,14,DAGGETT-BARSTOW_723815,723815,1
92311,14,DAGGETT-BARSTOW_723815,723815,1
92327,14,DAGGETT-BARSTOW_723815,723815,1
92345,14,DAGGETT-BARSTOW_723815,723815,1
92347,14,DAGGETT-BARSTOW_723815,723815,1
92356,14,DAGGETT-BARSTOW_723815,723815,1
92364,14,DAGGETT-BARSTOW_723815,723815,1
92365,14,DAGGETT-BARSTOW_723815,723815,1
92368,14,DAGGETT-BARSTOW_723815,723815,1
92384,14,DAGGETT-BARSTOW_723815,723815,1
92389,14,DAGGETT-BARSTOW_723815,723815,1
92394,14,DAGGETT-BARSTOW_723815,723815,1
92301,14,EDWARDS-AFB_723810,723810,1
92342,14,EDWARDS-AFB_723810,723810,1
92392,14,EDWARDS-AFB_723810,723810,1
92395,14,EDWARDS-AFB_723810,723810,1
93516,14,EDWARDS-AFB_723810,723810,1
93523,14,EDWARDS-AFB_723810,723810,1
93524,14,EDWARDS-AFB_723810,723810,1
93524,14,EDWARDS-AFB_723810,723810,1
91905,15,EL-CENTRO_722810,722810,1
91934,15,EL-CENTRO_722810,722810,1
92036,15,EL-CENTRO_722810,722810,1
92251,15,EL-CENTRO_722810,722810,1
92259,15,EL-CENTRO_722810,722810,1
94922,1,EUREKA_725940,725940,1
94923,1,EUREKA_725940,725940,1
94952,1,EUREKA_725940,725940,1
94952,1,EUREKA_725940,725940,1
94972,1,EUREKA_725940,725940,1
95410,1,EUREKA_725940,725940,1
95412,1,EUREKA_725940,725940,1
95417,1,EUREKA_725940,725940,1
95420,1,EUREKA_725940,725940,1
95421,1,EUREKA_725940,725940,1
95427,1,EUREKA_725940,725940,1
95432,1,EUREKA_725940,725940,1
95437,1,EUREKA_725940,725940,1
95445,1,EUREKA_725940,725940,1
95446,1,EUREKA_725940,725940,1
95448,1,EUREKA_725940,725940,1
95450,1,EUREKA_725940,725940,1
95456,1,EUREKA_725940,725940,1
95459,1,EUREKA_725940,725940,1
95460,1,EUREKA_725940,725940,1
95462,1,EUREKA_725940,725940,1
95465,1,EUREKA_725940,725940,1
95466,1,EUREKA_725940,725940,1
95468,1,EUREKA_725940,725940,1
95470,1,EUREKA_725940,725940,1
95472,1,EUREKA_725940,725940,1
95480,1,EUREKA_725940,725940,1
95488,1,EUREKA_725940,725940,1
95490,1,EUREKA_725940,725940,1
95497,1,EUREKA_725940,725940,1
95501,1,EUREKA_725940,725940,1
95503,1,EUREKA_725940,725940,1
95521,1,EUREKA_725940,725940,1
95524,1,EUREKA_725940,725940,1
95528,1,EUREKA_725940,725940,1
95536,1,EUREKA_725940,725940,1
95540,1,EUREKA_725940,725940,1
95542,1,EUREKA_725940,725940,1
95547,1,EUREKA_725940,725940,1
95549,1,EUREKA_725940,725940,1
95550,1,EUREKA_725940,725940,1
95551,1,EUREKA_725940,725940,1
95554,1,EUREKA_725940,725940,1
95558,1,EUREKA_725940,725940,1
95560,1,EUREKA_725940,725940,1
95562,1,EUREKA_725940,725940,1
95564,1,EUREKA_725940,725940,1
95565,1,EUREKA_725940,725940,1
95569,1,EUREKA_725940,725940,1
95585,1,EUREKA_725940,725940,1
95587,1,EUREKA_725940,725940,1
95589,1,EUREKA_725940,725940,1
95589,1,EUREKA_725940,725940,1
94512,12,FAIRFLD-TRAVIS-AFB_745160,745160,1
94533,12,FAIRFLD-TRAVIS-AFB_745160,745160,1
94534,12,FAIRFLD-TRAVIS-AFB_745160,745160,1
94535,12,FAIRFLD-TRAVIS-AFB_745160,745160,1
94558,12,FAIRFLD-TRAVIS-AFB_745160,745160,1
94571,12,FAIRFLD-TRAVIS-AFB_745160,745160,1
94571,12,FAIRFLD-TRAVIS-AFB_745160,745160,1
94585,12,FAIRFLD-TRAVIS-AFB_745160,745160,1
94585,12,FAIRFLD-TRAVIS-AFB_745160,745160,1
95457,12,FAIRFLD-TRAVIS-AFB_745160,745160,1
95620,12,FAIRFLD-TRAVIS-AFB_745160,745160,1
95620,12,FAIRFLD-TRAVIS-AFB_745160,745160,1
95641,12,FAIRFLD-TRAVIS-AFB_745160,745160,1
95687,12,FAIRFLD-TRAVIS-AFB_745160,745160,1
95688,12,FAIRFLD-TRAVIS-AFB_745160,745160,1
95688,12,FAIRFLD-TRAVIS-AFB_745160,745160,1
95690,12,FAIRFLD-TRAVIS-AFB_745160,745160,1
95690,12,FAIRFLD-TRAVIS-AFB_745160,745160,1
95690,12,FAIRFLD-TRAVIS-AFB_745160,745160,1
95694,12,FAIRFLD-TRAVIS-AFB_745160,745160,1
95694,12,FAIRFLD-TRAVIS-AFB_745160,745160,1
93601,13,FRESNO_723890,723890,1
93601,13,FRESNO_723890,723890,1
93602,13,FRESNO_723890,723890,1
93604,13,FRESNO_723890,723890,1
93610,13,FRESNO_723890,723890,1
93610,13,FRESNO_723890,723890,1
93611,13,FRESNO_723890,723890,1
93612,13,FRESNO_723890,723890,1
93614,13,FRESNO_723890,723890,1
93616,13,FRESNO_723890,723890,1
93619,13,FRESNO_723890,723890,1
93620,13,FRESNO_723890,723890,1
93620,13,FRESNO_723890,723890,1
93621,13,FRESNO_723890,723890,1
93622,13,FRESNO_723890,723890,1
93622,13,FRESNO_723890,723890,1
93622,13,FRESNO_723890,723890,1
93625,13,FRESNO_723890,723890,1
93626,13,FRESNO_723890,723890,1
93626,13,FRESNO_723890,723890,1
93630,13,FRESNO_723890,723890,1
93636,13,FRESNO_723890,723890,1
93636,13,FRESNO_723890,723890,1
93637,13,FRESNO_723890,723890,1
93637,13,FRESNO_723890,723890,1
93638,13,FRESNO_723890,723890,1
93643,13,FRESNO_723890,723890,1
93644,13,FRESNO_723890,723890,1
93645,13,FRESNO_723890,723890,1
93648,13,FRESNO_723890,723890,1
93650,13,FRESNO_723890,723890,1
93651,13,FRESNO_723890,723890,1
93652,13,FRESNO_723890,723890,1
93653,13,FRESNO_723890,723890,1
93653,13,FRESNO_723890,723890,1
93654,13,FRESNO_723890,723890,1
93654,13,FRESNO_723890,723890,1
93657,13,FRESNO_723890,723890,1
93662,13,FRESNO_723890,723890,1
93667,13,FRESNO_723890,723890,1
93675,13,FRESNO_723890,723890,1
93701,13,FRESNO_723890,723890,1
93702,13,FRESNO_723890,723890,1
93703,13,FRESNO_723890,723890,1
93704,13,FRESNO_723890,723890,1
93705,13,FRESNO_723890,723890,1
93706,13,FRESNO_723890,723890,1
93710,13,FRESNO_723890,723890,1
93711,13,FRESNO_723890,723890,1
93720,13,FRESNO_723890,723890,1
93720,13,FRESNO_723890,723890,1
93721,13,FRESNO_723890,723890,1
93722,13,FRESNO_723890,723890,1
93723,13,FRESNO_723890,723890,1
93725,13,FRESNO_723890,723890,1
93726,13,FRESNO_723890,723890,1
93727,13,FRESNO_723890,723890,1
93728,13,FRESNO_723890,723890,1
93730,13,FRESNO_723890,723890,1
93730,13,FRESNO_723890,723890,1
93741,13,FRESNO_723890,723890,1
95317,13,FRESNO_723890,723890,1
95333,13,FRESNO_723890,723890,1
95338,13,FRESNO_723890,723890,1
90603,8,FULLERTON_722976,722976,1
90604,8,FULLERTON_722976,722976,1
90620,8,FULLERTON_722976,722976,1
90621,8,FULLERTON_722976,722976,1
90623,8,FULLERTON_722976,722976,1
90623,8,FULLERTON_722976,722976,1
90631,8,FULLERTON_722976,722976,1
90631,8,FULLERTON_722976,722976,1
90638,8,FULLERTON_722976,722976,1
90638,8,FULLERTON_722976,722976,1
90650,8,FULLERTON_722976,722976,1
90670,8,FULLERTON_722976,722976,1
90703,8,FULLERTON_722976,722976,1
91709,8,FULLERTON_722976,722976,1
91748,8,FULLERTON_722976,722976,1
91765,8,FULLERTON_722976,722976,1
92801,8,FULLERTON_722976,722976,1
92802,8,FULLERTON_722976,722976,1
92804,8,FULLERTON_722976,722976,1
92805,8,FULLERTON_722976,722976,1
92806,8,FULLERTON_722976,722976,1
92807,8,FULLERTON_722976,722976,1
92808,8,FULLERTON_722976,722976,1
92821,8,FULLERTON_722976,722976,1
92823,8,FULLERTON_722976,722976,1
92831,8,FULLERTON_722976,722976,1
92832,8,FULLERTON_722976,722976,1
92833,8,FULLERTON_722976,722976,1
92835,8,FULLERTON_722976,722976,1
92861,8,FULLERTON_722976,722976,1
92865,8,FULLERTON_722976,722976,1
92870,8,FULLERTON_722976,722976,1
92880,8,FULLERTON_722976,722976,1
92886,8,FULLERTON_722976,722976,1
92887,8,FULLERTON_722976,722976,1
90001,8,HAWTHORNE-NORTHROP-FLD_722956,722956,1
90002,8,HAWTHORNE-NORTHROP-FLD_722956,722956,1
90003,8,HAWTHORNE-NORTHROP-FLD_722956,722956,1
90007,8,HAWTHORNE-NORTHROP-FLD_722956,722956,1
90008,8,HAWTHORNE-NORTHROP-FLD_722956,722956,1
90011,8,HAWTHORNE-NORTHROP-FLD_722956,722956,1
90015,8,HAWTHORNE-NORTHROP-FLD_722956,722956,1
90016,8,HAWTHORNE-NORTHROP-FLD_722956,722956,1
90018,8,HAWTHORNE-NORTHROP-FLD_722956,722956,1
90021,8,HAWTHORNE-NORTHROP-FLD_722956,722956,1
90023,8,HAWTHORNE-NORTHROP-FLD_722956,722956,1
90034,8,HAWTHORNE-NORTHROP-FLD_722956,722956,1
90037,8,HAWTHORNE-NORTHROP-FLD_722956,722956,1
90040,8,HAWTHORNE-NORTHROP-FLD_722956,722956,1
90043,8,HAWTHORNE-NORTHROP-FLD_722956,722956,1
90044,8,HAWTHORNE-NORTHROP-FLD_722956,722956,1
90045,8,HAWTHORNE-NORTHROP-FLD_722956,722956,1
90047,8,HAWTHORNE-NORTHROP-FLD_722956,722956,1
90056,8,HAWTHORNE-NORTHROP-FLD_722956,722956,1
90058,8,HAWTHORNE-NORTHROP-FLD_722956,722956,1
90059,8,HAWTHORNE-NORTHROP-FLD_722956,722956,1
90061,8,HAWTHORNE-NORTHROP-FLD_722956,722956,1
90062,8,HAWTHORNE-NORTHROP-FLD_722956,722956,1
90064,8,HAWTHORNE-NORTHROP-FLD_722956,722956,1
90089,8,HAWTHORNE-NORTHROP-FLD_722956,722956,1
90201,8,HAWTHORNE-NORTHROP-FLD_722956,722956,1
90222,8,HAWTHORNE-NORTHROP-FLD_722956,722956,1
90230,8,HAWTHORNE-NORTHROP-FLD_722956,722956,1
90232,8,HAWTHORNE-NORTHROP-FLD_722956,722956,1
90247,8,HAWTHORNE-NORTHROP-FLD_722956,722956,1
90248,8,HAWTHORNE-NORTHROP-FLD_722956,722956,1
90249,8,HAWTHORNE-NORTHROP-FLD_722956,722956,1
90250,8,HAWTHORNE-NORTHROP-FLD_722956,722956,1
90255,8,HAWTHORNE-NORTHROP-FLD_722956,722956,1
90260,8,HAWTHORNE-NORTHROP-FLD_722956,722956,1
90262,8,HAWTHORNE-NORTHROP-FLD_722956,722956,1
90270,8,HAWTHORNE-NORTHROP-FLD_722956,722956,1
90278,8,HAWTHORNE-NORTHROP-FLD_722956,722956,1
90280,8,HAWTHORNE-NORTHROP-FLD_722956,722956,1
90301,8,HAWTHORNE-NORTHROP-FLD_722956,722956,1
90302,8,HAWTHORNE-NORTHROP-FLD_722956,722956,1
90303,8,HAWTHORNE-NORTHROP-FLD_722956,722956,1
90304,8,HAWTHORNE-NORTHROP-FLD_722956,722956,1
90305,8,HAWTHORNE-NORTHROP-FLD_722956,722956,1
90504,8,HAWTHORNE-NORTHROP-FLD_722956,722956,1
90506,8,HAWTHORNE-NORTHROP-FLD_722956,722956,1
94536,3,HAYWARD_724935,724935,1
94538,3,HAYWARD_724935,724935,1
94539,3,HAYWARD_724935,724935,1
94539,3,HAYWARD_724935,724935,1
94541,3,HAYWARD_724935,724935,1
94542,3,HAYWARD_724935,724935,1
94544,3,HAYWARD_724935,724935,1
94545,3,HAYWARD_724935,724935,1
94546,3,HAYWARD_724935,724935,1
94552,3,HAYWARD_724935,724935,1
94555,3,HAYWARD_724935,724935,1
94568,3,HAYWARD_724935,724935,1
94578,3,HAYWARD_724935,724935,1
94579,3,HAYWARD_724935,724935,1
94580,3,HAYWARD_724935,724935,1
94583,3,HAYWARD_724935,724935,1
94583,3,HAYWARD_724935,724935,1
94586,3,HAYWARD_724935,724935,1
94587,3,HAYWARD_724935,724935,1
94588,3,HAYWARD_724935,724935,1
95035,3,HAYWARD_724935,724935,1
95035,3,HAYWARD_724935,724935,1
92227,15,IMPERIAL_747185,747185,1
92231,15,IMPERIAL_747185,747185,1
92233,15,IMPERIAL_747185,747185,1
92243,15,IMPERIAL_747185,747185,1
92249,15,IMPERIAL_747185,747185,1
92250,15,IMPERIAL_747185,747185,1
92257,15,IMPERIAL_747185,747185,1
92281,15,IMPERIAL_747185,747185,1
92283,15,IMPERIAL_747185,747185,1
91902,7,IMPERIAL-BEACH_722909,722909,1
91910,7,IMPERIAL-BEACH_722909,722909,1
91911,7,IMPERIAL-BEACH_722909,722909,1
91913,7,IMPERIAL-BEACH_722909,722909,1
91915,7,IMPERIAL-BEACH_722909,722909,1
91932,7,IMPERIAL-BEACH_722909,722909,1
92154,7,IMPERIAL-BEACH_722909,722909,1
92173,7,IMPERIAL-BEACH_722909,722909,1
93255,14,INYOKERN_723826,723826,1
93526,14,INYOKERN_723826,723826,1
93527,14,INYOKERN_723826,723826,1
93527,14,INYOKERN_723826,723826,1
93545,14,INYOKERN_723826,723826,1
91390,14,LANCASTER_723816,723816,1
93243,14,LANCASTER_723816,723816,1
93243,14,LANCASTER_723816,723816,1
93532,14,LANCASTER_723816,723816,1
93534,14,LANCASTER_723816,723816,1
93536,14,LANCASTER_723816,723816,1
93536,14,LANCASTER_723816,723816,1
93551,14,LANCASTER_723816,723816,1
93560,14,LANCASTER_723816,723816,1
93560,14,LANCASTER_723816,723816,1
93202,13,LEMOORE_747020,747020,1
93204,13,LEMOORE_747020,747020,1
93210,13,LEMOORE_747020,747020,1
93234,13,LEMOORE_747020,747020,1
93239,13,LEMOORE_747020,747020,1
93239,13,LEMOORE_747020,747020,1
93242,13,LEMOORE_747020,747020,1
93242,13,LEMOORE_747020,747020,1
93245,13,LEMOORE_747020,747020,1
93249,13,LEMOORE_747020,747020,1
93266,13,LEMOORE_747020,747020,1
93450,13,LEMOORE_747020,747020,1
93451,13,LEMOORE_747020,747020,1
93451,13,LEMOORE_747020,747020,1
93461,13,LEMOORE_747020,747020,1
93461,13,LEMOORE_747020,747020,1
93608,13,LEMOORE_747020,747020,1
93609,13,LEMOORE_747020,747020,1
93627,13,LEMOORE_747020,747020,1
93635,13,LEMOORE_747020,747020,1
93640,13,LEMOORE_747020,747020,1
93656,13,LEMOORE_747020,747020,1
93656,13,LEMOORE_747020,747020,1
93660,13,LEMOORE_747020,747020,1
93668,13,LEMOORE_747020,747020,1
95023,13,LEMOORE_747020,747020,1
95043,13,LEMOORE_747020,747020,1
95043,13,LEMOORE_747020,747020,1
94505,12,LIVERMORE_724927,724927,1
94506,12,LIVERMORE_724927,724927,1
94513,12,LIVERMORE_724927,724927,1
94514,12,LIVERMORE_724927,724927,1
94514,12,LIVERMORE_724927,724927,1
94517,12,LIVERMORE_724927,724927,1
94526,12,LIVERMORE_724927,724927,1
94528,12,LIVERMORE_724927,724927,1
94539,12,LIVERMORE_724927,724927,1
94546,12,LIVERMORE_724927,724927,1
94550,12,LIVERMORE_724927,724927,1
94550,12,LIVERMORE_724927,724927,1
94551,12,LIVERMORE_724927,724927,1
94551,12,LIVERMORE_724927,724927,1
94552,12,LIVERMORE_724927,724927,1
94566,12,LIVERMORE_724927,724927,1
94568,12,LIVERMORE_724927,724927,1
94568,12,LIVERMORE_724927,724927,1
94582,12,LIVERMORE_724927,724927,1
94583,12,LIVERMORE_724927,724927,1
94583,12,LIVERMORE_724927,724927,1
94586,12,LIVERMORE_724927,724927,1
94588,12,LIVERMORE_724927,724927,1
95037,12,LIVERMORE_724927,724927,1
95377,12,LIVERMORE_724927,724927,1
95377,12,LIVERMORE_724927,724927,1
95391,12,LIVERMORE_724927,724927,1
95391,12,LIVERMORE_724927,724927,1
93013,5,LOMPOC_722895,722895,1
93023,5,LOMPOC_722895,722895,1
93105,5,LOMPOC_722895,722895,1
93108,5,LOMPOC_722895,722895,1
93111,5,LOMPOC_722895,722895,1
93117,5,LOMPOC_722895,722895,1
93427,5,LOMPOC_722895,722895,1
93436,5,LOMPOC_722895,722895,1
93441,5,LOMPOC_722895,722895,1
93460,5,LOMPOC_722895,722895,1
93463,5,LOMPOC_722895,722895,1
90220,8,LONG-BEACH_722970,722970,1
90221,8,LONG-BEACH_722970,722970,1
90240,8,LONG-BEACH_722970,722970,1
90241,8,LONG-BEACH_722970,722970,1
90242,8,LONG-BEACH_722970,722970,1
90701,8,LONG-BEACH_722970,722970,1
90706,8,LONG-BEACH_722970,722970,1
90712,8,LONG-BEACH_722970,722970,1
90713,8,LONG-BEACH_722970,722970,1
90723,8,LONG-BEACH_722970,722970,1
90745,8,LONG-BEACH_722970,722970,1
90746,8,LONG-BEACH_722970,722970,1
90747,8,LONG-BEACH_722970,722970,1
90755,8,LONG-BEACH_722970,722970,1
90805,8,LONG-BEACH_722970,722970,1
90806,8,LONG-BEACH_722970,722970,1
90807,8,LONG-BEACH_722970,722970,1
90808,8,LONG-BEACH_722970,722970,1
90810,8,LONG-BEACH_722970,722970,1
90815,8,LONG-BEACH_722970,722970,1
90630,8,LOS-ALAMITOS_722975,722975,1
90630,8,LOS-ALAMITOS_722975,722975,1
90680,8,LOS-ALAMITOS_722975,722975,1
90715,8,LOS-ALAMITOS_722975,722975,1
90716,8,LOS-ALAMITOS_722975,722975,1
90720,8,LOS-ALAMITOS_722975,722975,1
90740,8,LOS-ALAMITOS_722975,722975,1
92683,8,LOS-ALAMITOS_722975,722975,1
92840,8,LOS-ALAMITOS_722975,722975,1
92841,8,LOS-ALAMITOS_722975,722975,1
92843,8,LOS-ALAMITOS_722975,722975,1
92844,8,LOS-ALAMITOS_722975,722975,1
92845,8,LOS-ALAMITOS_722975,722975,1
90004,9,LOS-ANGELES-DOWNTOWN_722874,722874,1
90005,9,LOS-ANGELES-DOWNTOWN_722874,722874,1
90006,9,LOS-ANGELES-DOWNTOWN_722874,722874,1
90007,9,LOS-ANGELES-DOWNTOWN_722874,722874,1
90010,9,LOS-ANGELES-DOWNTOWN_722874,722874,1
90012,9,LOS-ANGELES-DOWNTOWN_722874,722874,1
90013,9,LOS-ANGELES-DOWNTOWN_722874,722874,1
90014,9,LOS-ANGELES-DOWNTOWN_722874,722874,1
90015,9,LOS-ANGELES-DOWNTOWN_722874,722874,1
90016,9,LOS-ANGELES-DOWNTOWN_722874,722874,1
90017,9,LOS-ANGELES-DOWNTOWN_722874,722874,1
90018,9,LOS-ANGELES-DOWNTOWN_722874,722874,1
90019,9,LOS-ANGELES-DOWNTOWN_722874,722874,1
90020,9,LOS-ANGELES-DOWNTOWN_722874,722874,1
90021,9,LOS-ANGELES-DOWNTOWN_722874,722874,1
90022,9,LOS-ANGELES-DOWNTOWN_722874,722874,1
90023,9,LOS-ANGELES-DOWNTOWN_722874,722874,1
90026,9,LOS-ANGELES-DOWNTOWN_722874,722874,1
90029,9,LOS-ANGELES-DOWNTOWN_722874,722874,1
90031,9,LOS-ANGELES-DOWNTOWN_722874,722874,1
90032,9,LOS-ANGELES-DOWNTOWN_722874,722874,1
90033,9,LOS-ANGELES-DOWNTOWN_722874,722874,1
90034,9,LOS-ANGELES-DOWNTOWN_722874,722874,1
90035,9,LOS-ANGELES-DOWNTOWN_722874,722874,1
90036,9,LOS-ANGELES-DOWNTOWN_722874,722874,1
90038,9,LOS-ANGELES-DOWNTOWN_722874,722874,1
90039,9,LOS-ANGELES-DOWNTOWN_722874,722874,1
90040,9,LOS-ANGELES-DOWNTOWN_722874,722874,1
90041,9,LOS-ANGELES-DOWNTOWN_722874,722874,1
90042,9,LOS-ANGELES-DOWNTOWN_722874,722874,1
90048,9,LOS-ANGELES-DOWNTOWN_722874,722874,1
90057,9,LOS-ANGELES-DOWNTOWN_722874,722874,1
90063,9,LOS-ANGELES-DOWNTOWN_722874,722874,1
90064,9,LOS-ANGELES-DOWNTOWN_722874,722874,1
90065,9,LOS-ANGELES-DOWNTOWN_722874,722874,1
90067,9,LOS-ANGELES-DOWNTOWN_722874,722874,1
90071,9,LOS-ANGELES-DOWNTOWN_722874,722874,1
90211,9,LOS-ANGELES-DOWNTOWN_722874,722874,1
90240,9,LOS-ANGELES-DOWNTOWN_722874,722874,1
90601,9,LOS-ANGELES-DOWNTOWN_722874,722874,1
90602,9,LOS-ANGELES-DOWNTOWN_722874,722874,1
90603,9,LOS-ANGELES-DOWNTOWN_722874,722874,1
90604,9,LOS-ANGELES-DOWNTOWN_722874,722874,1
90605,9,LOS-ANGELES-DOWNTOWN_722874,722874,1
90606,9,LOS-ANGELES-DOWNTOWN_722874,722874,1
90621,9,LOS-ANGELES-DOWNTOWN_722874,722874,1
90631,9,LOS-ANGELES-DOWNTOWN_722874,722874,1
90631,9,LOS-ANGELES-DOWNTOWN_722874,722874,1
90638,9,LOS-ANGELES-DOWNTOWN_722874,722874,1
90638,9,LOS-ANGELES-DOWNTOWN_722874,722874,1
90639,9,LOS-ANGELES-DOWNTOWN_722874,722874,1
90640,9,LOS-ANGELES-DOWNTOWN_722874,722874,1
90650,9,LOS-ANGELES-DOWNTOWN_722874,722874,1
90660,9,LOS-ANGELES-DOWNTOWN_722874,722874,1
90670,9,LOS-ANGELES-DOWNTOWN_722874,722874,1
91006,9,LOS-ANGELES-DOWNTOWN_722874,722874,1
91007,9,LOS-ANGELES-DOWNTOWN_722874,722874,1
91008,9,LOS-ANGELES-DOWNTOWN_722874,722874,1
91010,9,LOS-ANGELES-DOWNTOWN_722874,722874,1
91016,9,LOS-ANGELES-DOWNTOWN_722874,722874,1
91024,9,LOS-ANGELES-DOWNTOWN_722874,722874,1
91030,9,LOS-ANGELES-DOWNTOWN_722874,722874,1
91101,9,LOS-ANGELES-DOWNTOWN_722874,722874,1
91104,9,LOS-ANGELES-DOWNTOWN_722874,722874,1
91105,9,LOS-ANGELES-DOWNTOWN_722874,722874,1
91106,9,LOS-ANGELES-DOWNTOWN_722874,722874,1
91107,9,LOS-ANGELES-DOWNTOWN_722874,722874,1
91108,9,LOS-ANGELES-DOWNTOWN_722874,722874,1
91123,9,LOS-ANGELES-DOWNTOWN_722874,722874,1
91205,9,LOS-ANGELES-DOWNTOWN_722874,722874,1
91702,9,LOS-ANGELES-DOWNTOWN_722874,722874,1
91706,9,LOS-ANGELES-DOWNTOWN_722874,722874,1
91709,9,LOS-ANGELES-DOWNTOWN_722874,722874,1
91710,9,LOS-ANGELES-DOWNTOWN_722874,722874,1
91710,9,LOS-ANGELES-DOWNTOWN_722874,722874,1
91711,9,LOS-ANGELES-DOWNTOWN_722874,722874,1
91722,9,LOS-ANGELES-DOWNTOWN_722874,722874,1
91723,9,LOS-ANGELES-DOWNTOWN_722874,722874,1
91724,9,LOS-ANGELES-DOWNTOWN_722874,722874,1
91731,9,LOS-ANGELES-DOWNTOWN_722874,722874,1
91732,9,LOS-ANGELES-DOWNTOWN_722874,722874,1
91733,9,LOS-ANGELES-DOWNTOWN_722874,722874,1
91740,9,LOS-ANGELES-DOWNTOWN_722874,722874,1
91741,9,LOS-ANGELES-DOWNTOWN_722874,722874,1
91744,9,LOS-ANGELES-DOWNTOWN_722874,722874,1
91745,9,LOS-ANGELES-DOWNTOWN_722874,722874,1
91746,9,LOS-ANGELES-DOWNTOWN_722874,722874,1
91748,9,LOS-ANGELES-DOWNTOWN_722874,722874,1
91750,9,LOS-ANGELES-DOWNTOWN_722874,722874,1
91754,9,LOS-ANGELES-DOWNTOWN_722874,722874,1
91755,9,LOS-ANGELES-DOWNTOWN_722874,722874,1
91763,9,LOS-ANGELES-DOWNTOWN_722874,722874,1
91765,9,LOS-ANGELES-DOWNTOWN_722874,722874,1
91766,9,LOS-ANGELES-DOWNTOWN_722874,722874,1
91766,9,LOS-ANGELES-DOWNTOWN_722874,722874,1
91767,9,LOS-ANGELES-DOWNTOWN_722874,722874,1
91768,9,LOS-ANGELES-DOWNTOWN_722874,722874,1
91770,9,LOS-ANGELES-DOWNTOWN_722874,722874,1
91773,9,LOS-ANGELES-DOWNTOWN_722874,722874,1
91775,9,LOS-ANGELES-DOWNTOWN_722874,722874,1
91776,9,LOS-ANGELES-DOWNTOWN_722874,722874,1
91780,9,LOS-ANGELES-DOWNTOWN_722874,722874,1
91784,9,LOS-ANGELES-DOWNTOWN_722874,722874,1
91789,9,LOS-ANGELES-DOWNTOWN_722874,722874,1
91790,9,LOS-ANGELES-DOWNTOWN_722874,722874,1
91791,9,LOS-ANGELES-DOWNTOWN_722874,722874,1
91792,9,LOS-ANGELES-DOWNTOWN_722874,722874,1
91801,9,LOS-ANGELES-DOWNTOWN_722874,722874,1
91803,9,LOS-ANGELES-DOWNTOWN_722874,722874,1
92821,9,LOS-ANGELES-DOWNTOWN_722874,722874,1
92823,9,LOS-ANGELES-DOWNTOWN_722874,722874,1
92833,9,LOS-ANGELES-DOWNTOWN_722874,722874,1
90045,6,LOS-ANGELES-INTL_722950,722950,1
90056,6,LOS-ANGELES-INTL_722950,722950,1
90245,6,LOS-ANGELES-INTL_722950,722950,1
90250,6,LOS-ANGELES-INTL_722950,722950,1
90254,6,LOS-ANGELES-INTL_722950,722950,1
90260,6,LOS-ANGELES-INTL_722950,722950,1
90266,6,LOS-ANGELES-INTL_722950,722950,1
90278,6,LOS-ANGELES-INTL_722950,722950,1
90293,6,LOS-ANGELES-INTL_722950,722950,1
90301,6,LOS-ANGELES-INTL_722950,722950,1
90302,6,LOS-ANGELES-INTL_722950,722950,1
90304,6,LOS-ANGELES-INTL_722950,722950,1
95602,11,MARYSVILLE-BEALE-AFB_724837,724837,1
95602,11,MARYSVILLE-BEALE-AFB_724837,724837,1
95603,11,MARYSVILLE-BEALE-AFB_724837,724837,1
95610,11,MARYSVILLE-BEALE-AFB_724837,724837,1
95614,11,MARYSVILLE-BEALE-AFB_724837,724837,1
95614,11,MARYSVILLE-BEALE-AFB_724837,724837,1
95621,11,MARYSVILLE-BEALE-AFB_724837,724837,1
95630,11,MARYSVILLE-BEALE-AFB_724837,724837,1
95631,11,MARYSVILLE-BEALE-AFB_724837,724837,1
95635,11,MARYSVILLE-BEALE-AFB_724837,724837,1
95648,11,MARYSVILLE-BEALE-AFB_724837,724837,1
95650,11,MARYSVILLE-BEALE-AFB_724837,724837,1
95658,11,MARYSVILLE-BEALE-AFB_724837,724837,1
95661,11,MARYSVILLE-BEALE-AFB_724837,724837,1
95663,11,MARYSVILLE-BEALE-AFB_724837,724837,1
95664,11,MARYSVILLE-BEALE-AFB_724837,724837,1
95664,11,MARYSVILLE-BEALE-AFB_724837,724837,1
95677,11,MARYSVILLE-BEALE-AFB_724837,724837,1
95678,11,MARYSVILLE-BEALE-AFB_724837,724837,1
95681,11,MARYSVILLE-BEALE-AFB_724837,724837,1
95692,11,MARYSVILLE-BEALE-AFB_724837,724837,1
95703,11,MARYSVILLE-BEALE-AFB_724837,724837,1
95713,11,MARYSVILLE-BEALE-AFB_724837,724837,1
95722,11,MARYSVILLE-BEALE-AFB_724837,724837,1
95746,11,MARYSVILLE-BEALE-AFB_724837,724837,1
95747,11,MARYSVILLE-BEALE-AFB_724837,724837,1
95765,11,MARYSVILLE-BEALE-AFB_724837,724837,1
95843,11,MARYSVILLE-BEALE-AFB_724837,724837,1
95901,11,MARYSVILLE-BEALE-AFB_724837,724837,1
95901,11,MARYSVILLE-BEALE-AFB_724837,724837,1
95901,11,MARYSVILLE-BEALE-AFB_724837,724837,1
95903,11,MARYSVILLE-BEALE-AFB_724837,724837,1
95914,11,MARYSVILLE-BEALE-AFB_724837,724837,1
95914,11,MARYSVILLE-BEALE-AFB_724837,724837,1
95916,11,MARYSVILLE-BEALE-AFB_724837,724837,1
95918,11,MARYSVILLE-BEALE-AFB_724837,724837,1
95919,11,MARYSVILLE-BEALE-AFB_724837,724837,1
95922,11,MARYSVILLE-BEALE-AFB_724837,724837,1
95925,11,MARYSVILLE-BEALE-AFB_724837,724837,1
95935,11,MARYSVILLE-BEALE-AFB_724837,724837,1
95941,11,MARYSVILLE-BEALE-AFB_724837,724837,1
95941,11,MARYSVILLE-BEALE-AFB_724837,724837,1
95945,11,MARYSVILLE-BEALE-AFB_724837,724837,1
95946,11,MARYSVILLE-BEALE-AFB_724837,724837,1
95949,11,MARYSVILLE-BEALE-AFB_724837,724837,1
95959,11,MARYSVILLE-BEALE-AFB_724837,724837,1
95960,11,MARYSVILLE-BEALE-AFB_724837,724837,1
95960,11,MARYSVILLE-BEALE-AFB_724837,724837,1
95960,11,MARYSVILLE-BEALE-AFB_724837,724837,1
95962,11,MARYSVILLE-BEALE-AFB_724837,724837,1
95966,11,MARYSVILLE-BEALE-AFB_724837,724837,1
95966,11,MARYSVILLE-BEALE-AFB_724837,724837,1
95968,11,MARYSVILLE-BEALE-AFB_724837,724837,1
95972,11,MARYSVILLE-BEALE-AFB_724837,724837,1
95975,11,MARYSVILLE-BEALE-AFB_724837,724837,1
95977,11,MARYSVILLE-BEALE-AFB_724837,724837,1
95977,11,MARYSVILLE-BEALE-AFB_724837,724837,1
93601,12,MERCED_724815,724815,1
93610,12,MERCED_724815,724815,1
93610,12,MERCED_724815,724815,1
93620,12,MERCED_724815,724815,1
93620,12,MERCED_724815,724815,1
93622,12,MERCED_724815,724815,1
93622,12,MERCED_724815,724815,1
93622,12,MERCED_724815,724815,1
93635,12,MERCED_724815,724815,1
93635,12,MERCED_724815,724815,1
93653,12,MERCED_724815,724815,1
95023,12,MERCED_724815,724815,1
95023,12,MERCED_724815,724815,1
95301,12,MERCED_724815,724815,1
95303,12,MERCED_724815,724815,1
95306,12,MERCED_724815,724815,1
95311,12,MERCED_724815,724815,1
95311,12,MERCED_724815,724815,1
95317,12,MERCED_724815,724815,1
95318,12,MERCED_724815,724815,1
95321,12,MERCED_724815,724815,1
95321,12,MERCED_724815,724815,1
95322,12,MERCED_724815,724815,1
95322,12,MERCED_724815,724815,1
95325,12,MERCED_724815,724815,1
95329,12,MERCED_724815,724815,1
95329,12,MERCED_724815,724815,1
95329,12,MERCED_724815,724815,1
95333,12,MERCED_724815,724815,1
95334,12,MERCED_724815,724815,1
95338,12,MERCED_724815,724815,1
95340,12,MERCED_724815,724815,1
95341,12,MERCED_724815,724815,1
95345,12,MERCED_724815,724815,1
95348,12,MERCED_724815,724815,1
95369,12,MERCED_724815,724815,1
95369,12,MERCED_724815,724815,1
95374,12,MERCED_724815,724815,1
95388,12,MERCED_724815,724815,1
95222,12,MODESTO_724926,724926,1
95222,12,MODESTO_724926,724926,1
95228,12,MODESTO_724926,724926,1
95228,12,MODESTO_724926,724926,1
95247,12,MODESTO_724926,724926,1
95251,12,MODESTO_724926,724926,1
95307,12,MODESTO_724926,724926,1
95309,12,MODESTO_724926,724926,1
95310,12,MODESTO_724926,724926,1
95313,12,MODESTO_724926,724926,1
95315,12,MODESTO_724926,724926,1
95316,12,MODESTO_724926,724926,1
95316,12,MODESTO_724926,724926,1
95323,12,MODESTO_724926,724926,1
95324,12,MODESTO_724926,724926,1
95326,12,MODESTO_724926,724926,1
95327,12,MODESTO_724926,724926,1
95346,12,MODESTO_724926,724926,1
95350,12,MODESTO_724926,724926,1
95351,12,MODESTO_724926,724926,1
95354,12,MODESTO_724926,724926,1
95355,12,MODESTO_724926,724926,1
95356,12,MODESTO_724926,724926,1
95357,12,MODESTO_724926,724926,1
95358,12,MODESTO_724926,724926,1
95360,12,MODESTO_724926,724926,1
95360,12,MODESTO_724926,724926,1
95361,12,MODESTO_724926,724926,1
95361,12,MODESTO_724926,724926,1
95363,12,MODESTO_724926,724926,1
95367,12,MODESTO_724926,724926,1
95368,12,MODESTO_724926,724926,1
95370,12,MODESTO_724926,724926,1
95372,12,MODESTO_724926,724926,1
95379,12,MODESTO_724926,724926,1
95380,12,MODESTO_724926,724926,1
95380,12,MODESTO_724926,724926,1
95382,12,MODESTO_724926,724926,1
95383,12,MODESTO_724926,724926,1
95385,12,MODESTO_724926,724926,1
95385,12,MODESTO_724926,724926,1
95386,12,MODESTO_724926,724926,1
93283,14,MOJAVE_722953,722953,1
93501,14,MOJAVE_722953,722953,1
93505,14,MOJAVE_722953,722953,1
93505,14,MOJAVE_722953,722953,1
93518,14,MOJAVE_722953,722953,1
93519,14,MOJAVE_722953,722953,1
95531,16,MONTAGUE-SISKIYOU-CO_725955,725955,1
95543,16,MONTAGUE-SISKIYOU-CO_725955,725955,1
95548,16,MONTAGUE-SISKIYOU-CO_725955,725955,1
95567,16,MONTAGUE-SISKIYOU-CO_725955,725955,1
95568,16,MONTAGUE-SISKIYOU-CO_725955,725955,1
96023,16,MONTAGUE-SISKIYOU-CO_725955,725955,1
96032,16,MONTAGUE-SISKIYOU-CO_725955,725955,1
96038,16,MONTAGUE-SISKIYOU-CO_725955,725955,1
96039,16,MONTAGUE-SISKIYOU-CO_725955,725955,1
96044,16,MONTAGUE-SISKIYOU-CO_725955,725955,1
96050,16,MONTAGUE-SISKIYOU-CO_725955,725955,1
96058,16,MONTAGUE-SISKIYOU-CO_725955,725955,1
96064,16,MONTAGUE-SISKIYOU-CO_725955,725955,1
96085,16,MONTAGUE-SISKIYOU-CO_725955,725955,1
96086,16,MONTAGUE-SISKIYOU-CO_725955,725955,1
96097,16,MONTAGUE-SISKIYOU-CO_725955,725955,1
96134,16,MONTAGUE-SISKIYOU-CO_725955,725955,1
96134,16,MONTAGUE-SISKIYOU-CO_725955,725955,1
93920,3,MONTEREY_724915,724915,1
93923,3,MONTEREY_724915,724915,1
93924,3,MONTEREY_724915,724915,1
93933,3,MONTEREY_724915,724915,1
93940,3,MONTEREY_724915,724915,1
93943,3,MONTEREY_724915,724915,1
93950,3,MONTEREY_724915,724915,1
93953,3,MONTEREY_724915,724915,1
93955,3,MONTEREY_724915,724915,1
95003,3,MONTEREY_724915,724915,1
95010,3,MONTEREY_724915,724915,1
95060,3,MONTEREY_724915,724915,1
95062,3,MONTEREY_724915,724915,1
95064,3,MONTEREY_724915,724915,1
95065,3,MONTEREY_724915,724915,1
95066,3,MONTEREY_724915,724915,1
95073,3,MONTEREY_724915,724915,1
95428,16,MOUNT-SHASTA_725957,725957,1
95428,16,MOUNT-SHASTA_725957,725957,1
95490,16,MOUNT-SHASTA_725957,725957,1
95526,16,MOUNT-SHASTA_725957,725957,1
95527,16,MOUNT-SHASTA_725957,725957,1
95546,16,MOUNT-SHASTA_725957,725957,1
95556,16,MOUNT-SHASTA_725957,725957,1
95563,16,MOUNT-SHASTA_725957,725957,1
95563,16,MOUNT-SHASTA_725957,725957,1
95573,16,MOUNT-SHASTA_725957,725957,1
95595,16,MOUNT-SHASTA_725957,725957,1
96001,16,MOUNT-SHASTA_725957,725957,1
96010,16,MOUNT-SHASTA_725957,725957,1
96013,16,MOUNT-SHASTA_725957,725957,1
96013,16,MOUNT-SHASTA_725957,725957,1
96014,16,MOUNT-SHASTA_725957,725957,1
96014,16,MOUNT-SHASTA_725957,725957,1
96016,16,MOUNT-SHASTA_725957,725957,1
96024,16,MOUNT-SHASTA_725957,725957,1
96025,16,MOUNT-SHASTA_725957,725957,1
96025,16,MOUNT-SHASTA_725957,725957,1
96027,16,MOUNT-SHASTA_725957,725957,1
96028,16,MOUNT-SHASTA_725957,725957,1
96031,16,MOUNT-SHASTA_725957,725957,1
96031,16,MOUNT-SHASTA_725957,725957,1
96033,16,MOUNT-SHASTA_725957,725957,1
96034,16,MOUNT-SHASTA_725957,725957,1
96040,16,MOUNT-SHASTA_725957,725957,1
96041,16,MOUNT-SHASTA_725957,725957,1
96046,16,MOUNT-SHASTA_725957,725957,1
96046,16,MOUNT-SHASTA_725957,725957,1
96047,16,MOUNT-SHASTA_725957,725957,1
96048,16,MOUNT-SHASTA_725957,725957,1
96051,16,MOUNT-SHASTA_725957,725957,1
96052,16,MOUNT-SHASTA_725957,725957,1
96057,16,MOUNT-SHASTA_725957,725957,1
96059,16,MOUNT-SHASTA_725957,725957,1
96059,16,MOUNT-SHASTA_725957,725957,1
96063,16,MOUNT-SHASTA_725957,725957,1
96063,16,MOUNT-SHASTA_725957,725957,1
96065,16,MOUNT-SHASTA_725957,725957,1
96067,16,MOUNT-SHASTA_725957,725957,1
96069,16,MOUNT-SHASTA_725957,725957,1
96071,16,MOUNT-SHASTA_725957,725957,1
96075,16,MOUNT-SHASTA_725957,725957,1
96076,16,MOUNT-SHASTA_725957,725957,1
96076,16,MOUNT-SHASTA_725957,725957,1
96076,16,MOUNT-SHASTA_725957,725957,1
96080,16,MOUNT-SHASTA_725957,725957,1
96088,16,MOUNT-SHASTA_725957,725957,1
96091,16,MOUNT-SHASTA_725957,725957,1
96093,16,MOUNT-SHASTA_725957,725957,1
96094,16,MOUNT-SHASTA_725957,725957,1
96096,16,MOUNT-SHASTA_725957,725957,1
94503,2,NAPA-CO_724955,724955,1
94503,2,NAPA-CO_724955,724955,1
94534,2,NAPA-CO_724955,724955,1
94558,2,NAPA-CO_724955,724955,1
94558,2,NAPA-CO_724955,724955,1
94559,2,NAPA-CO_724955,724955,1
94589,2,NAPA-CO_724955,724955,1
94591,2,NAPA-CO_724955,724955,1
94599,2,NAPA-CO_724955,724955,1
94901,2,NAPA-CO_724955,724955,1
94903,2,NAPA-CO_724955,724955,1
94904,2,NAPA-CO_724955,724955,1
94925,2,NAPA-CO_724955,724955,1
94930,2,NAPA-CO_724955,724955,1
94939,2,NAPA-CO_724955,724955,1
94945,2,NAPA-CO_724955,724955,1
94946,2,NAPA-CO_724955,724955,1
94947,2,NAPA-CO_724955,724955,1
94949,2,NAPA-CO_724955,724955,1
94954,2,NAPA-CO_724955,724955,1
94960,2,NAPA-CO_724955,724955,1
94963,2,NAPA-CO_724955,724955,1
94964,2,NAPA-CO_724955,724955,1
94973,2,NAPA-CO_724955,724955,1
95442,2,NAPA-CO_724955,724955,1
95476,2,NAPA-CO_724955,724955,1
95476,2,NAPA-CO_724955,724955,1
95607,2,NAPA-CO_724955,724955,1
95688,2,NAPA-CO_724955,724955,1
95688,2,NAPA-CO_724955,724955,1
95694,2,NAPA-CO_724955,724955,1
92267,15,NEEDLES_723805,723805,1
92304,15,NEEDLES_723805,723805,1
92332,15,NEEDLES_723805,723805,1
92363,15,NEEDLES_723805,723805,1
94104,3,OAKLAND_724930,724930,1
94105,3,OAKLAND_724930,724930,1
94108,3,OAKLAND_724930,724930,1
94111,3,OAKLAND_724930,724930,1
94130,3,OAKLAND_724930,724930,1
94133,3,OAKLAND_724930,724930,1
94501,3,OAKLAND_724930,724930,1
94501,3,OAKLAND_724930,724930,1
94502,3,OAKLAND_724930,724930,1
94503,3,OAKLAND_724930,724930,1
94525,3,OAKLAND_724930,724930,1
94530,3,OAKLAND_724930,724930,1
94547,3,OAKLAND_724930,724930,1
94553,3,OAKLAND_724930,724930,1
94556,3,OAKLAND_724930,724930,1
94559,3,OAKLAND_724930,724930,1
94563,3,OAKLAND_724930,724930,1
94564,3,OAKLAND_724930,724930,1
94572,3,OAKLAND_724930,724930,1
94577,3,OAKLAND_724930,724930,1
94589,3,OAKLAND_724930,724930,1
94590,3,OAKLAND_724930,724930,1
94591,3,OAKLAND_724930,724930,1
94592,3,OAKLAND_724930,724930,1
94601,3,OAKLAND_724930,724930,1
94602,3,OAKLAND_724930,724930,1
94603,3,OAKLAND_724930,724930,1
94605,3,OAKLAND_724930,724930,1
94606,3,OAKLAND_724930,724930,1
94607,3,OAKLAND_724930,724930,1
94608,3,OAKLAND_724930,724930,1
94609,3,OAKLAND_724930,724930,1
94610,3,OAKLAND_724930,724930,1
94611,3,OAKLAND_724930,724930,1
94611,3,OAKLAND_724930,724930,1
94612,3,OAKLAND_724930,724930,1
94613,3,OAKLAND_724930,724930,1
94618,3,OAKLAND_724930,724930,1
94619,3,OAKLAND_724930,724930,1
94621,3,OAKLAND_724930,724930,1
94702,3,OAKLAND_724930,724930,1
94703,3,OAKLAND_724930,724930,1
94704,3,OAKLAND_724930,724930,1
94705,3,OAKLAND_724930,724930,1
94706,3,OAKLAND_724930,724930,1
94707,3,OAKLAND_724930,724930,1
94707,3,OAKLAND_724930,724930,1
94708,3,OAKLAND_724930,724930,1
94708,3,OAKLAND_724930,724930,1
94709,3,OAKLAND_724930,724930,1
94710,3,OAKLAND_724930,724930,1
94720,3,OAKLAND_724930,724930,1
94801,3,OAKLAND_724930,724930,1
94803,3,OAKLAND_724930,724930,1
94804,3,OAKLAND_724930,724930,1
94805,3,OAKLAND_724930,724930,1
94806,3,OAKLAND_724930,724930,1
94920,3,OAKLAND_724930,724930,1
94920,3,OAKLAND_724930,724930,1
94925,3,OAKLAND_724930,724930,1
94939,3,OAKLAND_724930,724930,1
94952,3,OAKLAND_724930,724930,1
94952,3,OAKLAND_724930,724930,1
95476,3,OAKLAND_724930,724930,1
93001,6,OXNARD_723927,723927,1
93003,6,OXNARD_723927,723927,1
93004,6,OXNARD_723927,723927,1
93023,6,OXNARD_723927,723927,1
93030,6,OXNARD_723927,723927,1
93035,6,OXNARD_723927,723927,1
93036,6,OXNARD_723927,723927,1
93043,6,OXNARD_723927,723927,1
91342,14,PALMDALE_723820,723820,1
92344,14,PALMDALE_723820,723820,1
92371,14,PALMDALE_723820,723820,1
92372,14,PALMDALE_723820,723820,1
92397,14,PALMDALE_723820,723820,1
92407,14,PALMDALE_723820,723820,1
93510,14,PALMDALE_723820,723820,1
93535,14,PALMDALE_723820,723820,1
93543,14,PALMDALE_723820,723820,1
93544,14,PALMDALE_723820,723820,1
93550,14,PALMDALE_723820,723820,1
93552,14,PALMDALE_723820,723820,1
93553,14,PALMDALE_723820,723820,1
93563,14,PALMDALE_723820,723820,1
93591,14,PALMDALE_723820,723820,1
92211,15,PALM-SPRINGS-INTL_722868,722868,1
92220,15,PALM-SPRINGS-INTL_722868,722868,1
92230,15,PALM-SPRINGS-INTL_722868,722868,1
92234,15,PALM-SPRINGS-INTL_722868,722868,1
92240,15,PALM-SPRINGS-INTL_722868,722868,1
92241,15,PALM-SPRINGS-INTL_722868,722868,1
92256,15,PALM-SPRINGS-INTL_722868,722868,1
92260,15,PALM-SPRINGS-INTL_722868,722868,1
92262,15,PALM-SPRINGS-INTL_722868,722868,1
92264,15,PALM-SPRINGS-INTL_722868,722868,1
92270,15,PALM-SPRINGS-INTL_722868,722868,1
92276,15,PALM-SPRINGS-INTL_722868,722868,1
92278,15,PALM-SPRINGS-INTL_722868,722868,1
92282,15,PALM-SPRINGS-INTL_722868,722868,1
92338,15,PALM-SPRINGS-INTL_722868,722868,1
92536,15,PALM-SPRINGS-INTL_722868,722868,1
92539,15,PALM-SPRINGS-INTL_722868,722868,1
92549,15,PALM-SPRINGS-INTL_722868,722868,1
92561,15,PALM-SPRINGS-INTL_722868,722868,1
92004,15,PALM-SPRINGS-THERMAL_747187,747187,1
92066,15,PALM-SPRINGS-THERMAL_747187,747187,1
92086,15,PALM-SPRINGS-THERMAL_747187,747187,1
92201,15,PALM-SPRINGS-THERMAL_747187,747187,1
92203,15,PALM-SPRINGS-THERMAL_747187,747187,1
92210,15,PALM-SPRINGS-THERMAL_747187,747187,1
92236,15,PALM-SPRINGS-THERMAL_747187,747187,1
92253,15,PALM-SPRINGS-THERMAL_747187,747187,1
92254,15,PALM-SPRINGS-THERMAL_747187,747187,1
92274,15,PALM-SPRINGS-THERMAL_747187,747187,1
92274,15,PALM-SPRINGS-THERMAL_747187,747187,1
92277,15,PALM-SPRINGS-THERMAL_747187,747187,1
94020,4,PALO-ALTO_724937,724937,1
94020,4,PALO-ALTO_724937,724937,1
94022,4,PALO-ALTO_724937,724937,1
94024,4,PALO-ALTO_724937,724937,1
94025,4,PALO-ALTO_724937,724937,1
94028,4,PALO-ALTO_724937,724937,1
94028,4,PALO-ALTO_724937,724937,1
94035,4,PALO-ALTO_724937,724937,1
94040,4,PALO-ALTO_724937,724937,1
94041,4,PALO-ALTO_724937,724937,1
94043,4,PALO-ALTO_724937,724937,1
94062,4,PALO-ALTO_724937,724937,1
94301,4,PALO-ALTO_724937,724937,1
94303,4,PALO-ALTO_724937,724937,1
94303,4,PALO-ALTO_724937,724937,1
94304,4,PALO-ALTO_724937,724937,1
94305,4,PALO-ALTO_724937,724937,1
94306,4,PALO-ALTO_724937,724937,1
94538,4,PALO-ALTO_724937,724937,1
93204,4,PASO-ROBLES_723965,723965,1
93210,4,PASO-ROBLES_723965,723965,1
93224,4,PASO-ROBLES_723965,723965,1
93249,4,PASO-ROBLES_723965,723965,1
93251,4,PASO-ROBLES_723965,723965,1
93251,4,PASO-ROBLES_723965,723965,1
93252,4,PASO-ROBLES_723965,723965,1
93252,4,PASO-ROBLES_723965,723965,1
93252,4,PASO-ROBLES_723965,723965,1
93254,4,PASO-ROBLES_723965,723965,1
93268,4,PASO-ROBLES_723965,723965,1
93401,4,PASO-ROBLES_723965,723965,1
93405,4,PASO-ROBLES_723965,723965,1
93420,4,PASO-ROBLES_723965,723965,1
93422,4,PASO-ROBLES_723965,723965,1
93426,4,PASO-ROBLES_723965,723965,1
93426,4,PASO-ROBLES_723965,723965,1
93428,4,PASO-ROBLES_723965,723965,1
93430,4,PASO-ROBLES_723965,723965,1
93432,4,PASO-ROBLES_723965,723965,1
93442,4,PASO-ROBLES_723965,723965,1
93446,4,PASO-ROBLES_723965,723965,1
93450,4,PASO-ROBLES_723965,723965,1
93451,4,PASO-ROBLES_723965,723965,1
93451,4,PASO-ROBLES_723965,723965,1
93451,4,PASO-ROBLES_723965,723965,1
93452,4,PASO-ROBLES_723965,723965,1
93453,4,PASO-ROBLES_723965,723965,1
93454,4,PASO-ROBLES_723965,723965,1
93461,4,PASO-ROBLES_723965,723965,1
93461,4,PASO-ROBLES_723965,723965,1
93465,4,PASO-ROBLES_723965,723965,1
93640,4,PASO-ROBLES_723965,723965,1
93920,4,PASO-ROBLES_723965,723965,1
93927,4,PASO-ROBLES_723965,723965,1
93930,4,PASO-ROBLES_723965,723965,1
93932,4,PASO-ROBLES_723965,723965,1
93960,4,PASO-ROBLES_723965,723965,1
95043,4,PASO-ROBLES_723965,723965,1
95043,4,PASO-ROBLES_723965,723965,1
90265,6,POINT-MUGU_723910,723910,1
90265,6,POINT-MUGU_723910,723910,1
93033,6,POINT-MUGU_723910,723910,1
93041,6,POINT-MUGU_723910,723910,1
93042,6,POINT-MUGU_723910,723910,1
93207,13,PORTERVILLE_723895,723895,1
93215,13,PORTERVILLE_723895,723895,1
93215,13,PORTERVILLE_723895,723895,1
93219,13,PORTERVILLE_723895,723895,1
93221,13,PORTERVILLE_723895,723895,1
93247,13,PORTERVILLE_723895,723895,1
93256,13,PORTERVILLE_723895,723895,1
93257,13,PORTERVILLE_723895,723895,1
93260,13,PORTERVILLE_723895,723895,1
93262,13,PORTERVILLE_723895,723895,1
93265,13,PORTERVILLE_723895,723895,1
93267,13,PORTERVILLE_723895,723895,1
93270,13,PORTERVILLE_723895,723895,1
93272,13,PORTERVILLE_723895,723895,1
93287,13,PORTERVILLE_723895,723895,1
95428,11,RED-BLUFF_725910,725910,1
95926,11,RED-BLUFF_725910,725910,1
95928,11,RED-BLUFF_725910,725910,1
95928,11,RED-BLUFF_725910,725910,1
95939,11,RED-BLUFF_725910,725910,1
95942,11,RED-BLUFF_725910,725910,1
95943,11,RED-BLUFF_725910,725910,1
95943,11,RED-BLUFF_725910,725910,1
95951,11,RED-BLUFF_725910,725910,1
95954,11,RED-BLUFF_725910,725910,1
95963,11,RED-BLUFF_725910,725910,1
95963,11,RED-BLUFF_725910,725910,1
95969,11,RED-BLUFF_725910,725910,1
95973,11,RED-BLUFF_725910,725910,1
95973,11,RED-BLUFF_725910,725910,1
95988,11,RED-BLUFF_725910,725910,1
96021,11,RED-BLUFF_725910,725910,1
96035,11,RED-BLUFF_725910,725910,1
96055,11,RED-BLUFF_725910,725910,1
96075,11,RED-BLUFF_725910,725910,1
96080,11,RED-BLUFF_725910,725910,1
96001,11,REDDING_725920,725920,1
96002,11,REDDING_725920,725920,1
96003,11,REDDING_725920,725920,1
96007,11,REDDING_725920,725920,1
96007,11,REDDING_725920,725920,1
96008,11,REDDING_725920,725920,1
96019,11,REDDING_725920,725920,1
96022,11,REDDING_725920,725920,1
96022,11,REDDING_725920,725920,1
96024,11,REDDING_725920,725920,1
96033,11,REDDING_725920,725920,1
96047,11,REDDING_725920,725920,1
96051,11,REDDING_725920,725920,1
96052,11,REDDING_725920,725920,1
96059,11,REDDING_725920,725920,1
96059,11,REDDING_725920,725920,1
96062,11,REDDING_725920,725920,1
96065,11,REDDING_725920,725920,1
96069,11,REDDING_725920,725920,1
96073,11,REDDING_725920,725920,1
96076,11,REDDING_725920,725920,1
96076,11,REDDING_725920,725920,1
96076,11,REDDING_725920,725920,1
96087,11,REDDING_725920,725920,1
96088,11,REDDING_725920,725920,1
96096,11,REDDING_725920,725920,1
92313,10,RIVERSIDE_722869,722869,1
92316,10,RIVERSIDE_722869,722869,1
92335,10,RIVERSIDE_722869,722869,1
92336,10,RIVERSIDE_722869,722869,1
92337,10,RIVERSIDE_722869,722869,1
92350,10,RIVERSIDE_722869,722869,1
92376,10,RIVERSIDE_722869,722869,1
92377,10,RIVERSIDE_722869,722869,1
92401,10,RIVERSIDE_722869,722869,1
92404,10,RIVERSIDE_722869,722869,1
92405,10,RIVERSIDE_722869,722869,1
92407,10,RIVERSIDE_722869,722869,1
92408,10,RIVERSIDE_722869,722869,1
92410,10,RIVERSIDE_722869,722869,1
92411,10,RIVERSIDE_722869,722869,1
92501,10,RIVERSIDE_722869,722869,1
92503,10,RIVERSIDE_722869,722869,1
92504,10,RIVERSIDE_722869,722869,1
92505,10,RIVERSIDE_722869,722869,1
92506,10,RIVERSIDE_722869,722869,1
92507,10,RIVERSIDE_722869,722869,1
92509,10,RIVERSIDE_722869,722869,1
92509,10,RIVERSIDE_722869,722869,1
92521,10,RIVERSIDE_722869,722869,1
92679,10,RIVERSIDE_722869,722869,1
92879,10,RIVERSIDE_722869,722869,1
92881,10,RIVERSIDE_722869,722869,1
92883,10,RIVERSIDE_722869,722869,1
92220,10,RIVERSIDE-MARCH-AFB_722860,722860,1
92223,10,RIVERSIDE-MARCH-AFB_722860,722860,1
92320,10,RIVERSIDE-MARCH-AFB_722860,722860,1
92324,10,RIVERSIDE-MARCH-AFB_722860,722860,1
92324,10,RIVERSIDE-MARCH-AFB_722860,722860,1
92346,10,RIVERSIDE-MARCH-AFB_722860,722860,1
92354,10,RIVERSIDE-MARCH-AFB_722860,722860,1
92359,10,RIVERSIDE-MARCH-AFB_722860,722860,1
92373,10,RIVERSIDE-MARCH-AFB_722860,722860,1
92373,10,RIVERSIDE-MARCH-AFB_722860,722860,1
92374,10,RIVERSIDE-MARCH-AFB_722860,722860,1
92399,10,RIVERSIDE-MARCH-AFB_722860,722860,1
92399,10,RIVERSIDE-MARCH-AFB_722860,722860,1
92508,10,RIVERSIDE-MARCH-AFB_722860,722860,1
92518,10,RIVERSIDE-MARCH-AFB_722860,722860,1
92530,10,RIVERSIDE-MARCH-AFB_722860,722860,1
92530,10,RIVERSIDE-MARCH-AFB_722860,722860,1
92532,10,RIVERSIDE-MARCH-AFB_722860,722860,1
92539,10,RIVERSIDE-MARCH-AFB_722860,722860,1
92543,10,RIVERSIDE-MARCH-AFB_722860,722860,1
92544,10,RIVERSIDE-MARCH-AFB_722860,722860,1
92545,10,RIVERSIDE-MARCH-AFB_722860,722860,1
92548,10,RIVERSIDE-MARCH-AFB_722860,722860,1
92549,10,RIVERSIDE-MARCH-AFB_722860,722860,1
92551,10,RIVERSIDE-MARCH-AFB_722860,722860,1
92553,10,RIVERSIDE-MARCH-AFB_722860,722860,1
92555,10,RIVERSIDE-MARCH-AFB_722860,722860,1
92557,10,RIVERSIDE-MARCH-AFB_722860,722860,1
92563,10,RIVERSIDE-MARCH-AFB_722860,722860,1
92567,10,RIVERSIDE-MARCH-AFB_722860,722860,1
92570,10,RIVERSIDE-MARCH-AFB_722860,722860,1
92571,10,RIVERSIDE-MARCH-AFB_722860,722860,1
92582,10,RIVERSIDE-MARCH-AFB_722860,722860,1
92583,10,RIVERSIDE-MARCH-AFB_722860,722860,1
92584,10,RIVERSIDE-MARCH-AFB_722860,722860,1
92585,10,RIVERSIDE-MARCH-AFB_722860,722860,1
92586,10,RIVERSIDE-MARCH-AFB_722860,722860,1
92587,10,RIVERSIDE-MARCH-AFB_722860,722860,1
92595,10,RIVERSIDE-MARCH-AFB_722860,722860,1
92596,10,RIVERSIDE-MARCH-AFB_722860,722860,1
95605,12,SACRAMENTO-EXECUTIVE_724830,724830,1
95608,12,SACRAMENTO-EXECUTIVE_724830,724830,1
95612,12,SACRAMENTO-EXECUTIVE_724830,724830,1
95615,12,SACRAMENTO-EXECUTIVE_724830,724830,1
95615,12,SACRAMENTO-EXECUTIVE_724830,724830,1
95616,12,SACRAMENTO-EXECUTIVE_724830,724830,1
95616,12,SACRAMENTO-EXECUTIVE_724830,724830,1
95618,12,SACRAMENTO-EXECUTIVE_724830,724830,1
95618,12,SACRAMENTO-EXECUTIVE_724830,724830,1
95619,12,SACRAMENTO-EXECUTIVE_724830,724830,1
95623,12,SACRAMENTO-EXECUTIVE_724830,724830,1
95624,12,SACRAMENTO-EXECUTIVE_724830,724830,1
95628,12,SACRAMENTO-EXECUTIVE_724830,724830,1
95629,12,SACRAMENTO-EXECUTIVE_724830,724830,1
95629,12,SACRAMENTO-EXECUTIVE_724830,724830,1
95630,12,SACRAMENTO-EXECUTIVE_724830,724830,1
95632,12,SACRAMENTO-EXECUTIVE_724830,724830,1
95632,12,SACRAMENTO-EXECUTIVE_724830,724830,1
95636,12,SACRAMENTO-EXECUTIVE_724830,724830,1
95638,12,SACRAMENTO-EXECUTIVE_724830,724830,1
95640,12,SACRAMENTO-EXECUTIVE_724830,724830,1
95655,12,SACRAMENTO-EXECUTIVE_724830,724830,1
95666,12,SACRAMENTO-EXECUTIVE_724830,724830,1
95667,12,SACRAMENTO-EXECUTIVE_724830,724830,1
95669,12,SACRAMENTO-EXECUTIVE_724830,724830,1
95670,12,SACRAMENTO-EXECUTIVE_724830,724830,1
95682,12,SACRAMENTO-EXECUTIVE_724830,724830,1
95683,12,SACRAMENTO-EXECUTIVE_724830,724830,1
95684,12,SACRAMENTO-EXECUTIVE_724830,724830,1
95685,12,SACRAMENTO-EXECUTIVE_724830,724830,1
95689,12,SACRAMENTO-EXECUTIVE_724830,724830,1
95693,12,SACRAMENTO-EXECUTIVE_724830,724830,1
95709,12,SACRAMENTO-EXECUTIVE_724830,724830,1
95726,12,SACRAMENTO-EXECUTIVE_724830,724830,1
95742,12,SACRAMENTO-EXECUTIVE_724830,724830,1
95757,12,SACRAMENTO-EXECUTIVE_724830,724830,1
95758,12,SACRAMENTO-EXECUTIVE_724830,724830,1
95762,12,SACRAMENTO-EXECUTIVE_724830,724830,1
95762,12,SACRAMENTO-EXECUTIVE_724830,724830,1
95811,12,SACRAMENTO-EXECUTIVE_724830,724830,1
95814,12,SACRAMENTO-EXECUTIVE_724830,724830,1
95815,12,SACRAMENTO-EXECUTIVE_724830,724830,1
95816,12,SACRAMENTO-EXECUTIVE_724830,724830,1
95817,12,SACRAMENTO-EXECUTIVE_724830,724830,1
95818,12,SACRAMENTO-EXECUTIVE_724830,724830,1
95819,12,SACRAMENTO-EXECUTIVE_724830,724830,1
95820,12,SACRAMENTO-EXECUTIVE_724830,724830,1
95821,12,SACRAMENTO-EXECUTIVE_724830,724830,1
95822,12,SACRAMENTO-EXECUTIVE_724830,724830,1
95823,12,SACRAMENTO-EXECUTIVE_724830,724830,1
95824,12,SACRAMENTO-EXECUTIVE_724830,724830,1
95825,12,SACRAMENTO-EXECUTIVE_724830,724830,1
95826,12,SACRAMENTO-EXECUTIVE_724830,724830,1
95827,12,SACRAMENTO-EXECUTIVE_724830,724830,1
95828,12,SACRAMENTO-EXECUTIVE_724830,724830,1
95829,12,SACRAMENTO-EXECUTIVE_724830,724830,1
95830,12,SACRAMENTO-EXECUTIVE_724830,724830,1
95831,12,SACRAMENTO-EXECUTIVE_724830,724830,1
95832,12,SACRAMENTO-EXECUTIVE_724830,724830,1
95864,12,SACRAMENTO-EXECUTIVE_724830,724830,1
95422,12,SACRAMENTO-METRO_724839,724839,1
95603,12,SACRAMENTO-METRO_724839,724839,1
95606,12,SACRAMENTO-METRO_724839,724839,1
95607,12,SACRAMENTO-METRO_724839,724839,1
95610,12,SACRAMENTO-METRO_724839,724839,1
95614,12,SACRAMENTO-METRO_724839,724839,1
95614,12,SACRAMENTO-METRO_724839,724839,1
95621,12,SACRAMENTO-METRO_724839,724839,1
95626,12,SACRAMENTO-METRO_724839,724839,1
95626,12,SACRAMENTO-METRO_724839,724839,1
95627,12,SACRAMENTO-METRO_724839,724839,1
95631,12,SACRAMENTO-METRO_724839,724839,1
95633,12,SACRAMENTO-METRO_724839,724839,1
95634,12,SACRAMENTO-METRO_724839,724839,1
95635,12,SACRAMENTO-METRO_724839,724839,1
95637,12,SACRAMENTO-METRO_724839,724839,1
95645,12,SACRAMENTO-METRO_724839,724839,1
95645,12,SACRAMENTO-METRO_724839,724839,1
95650,12,SACRAMENTO-METRO_724839,724839,1
95651,12,SACRAMENTO-METRO_724839,724839,1
95652,12,SACRAMENTO-METRO_724839,724839,1
95653,12,SACRAMENTO-METRO_724839,724839,1
95658,12,SACRAMENTO-METRO_724839,724839,1
95659,12,SACRAMENTO-METRO_724839,724839,1
95660,12,SACRAMENTO-METRO_724839,724839,1
95661,12,SACRAMENTO-METRO_724839,724839,1
95661,12,SACRAMENTO-METRO_724839,724839,1
95662,12,SACRAMENTO-METRO_724839,724839,1
95664,12,SACRAMENTO-METRO_724839,724839,1
95664,12,SACRAMENTO-METRO_724839,724839,1
95672,12,SACRAMENTO-METRO_724839,724839,1
95673,12,SACRAMENTO-METRO_724839,724839,1
95678,12,SACRAMENTO-METRO_724839,724839,1
95679,12,SACRAMENTO-METRO_724839,724839,1
95691,12,SACRAMENTO-METRO_724839,724839,1
95695,12,SACRAMENTO-METRO_724839,724839,1
95698,12,SACRAMENTO-METRO_724839,724839,1
95746,12,SACRAMENTO-METRO_724839,724839,1
95747,12,SACRAMENTO-METRO_724839,724839,1
95776,12,SACRAMENTO-METRO_724839,724839,1
95833,12,SACRAMENTO-METRO_724839,724839,1
95834,12,SACRAMENTO-METRO_724839,724839,1
95835,12,SACRAMENTO-METRO_724839,724839,1
95836,12,SACRAMENTO-METRO_724839,724839,1
95836,12,SACRAMENTO-METRO_724839,724839,1
95837,12,SACRAMENTO-METRO_724839,724839,1
95837,12,SACRAMENTO-METRO_724839,724839,1
95838,12,SACRAMENTO-METRO_724839,724839,1
95841,12,SACRAMENTO-METRO_724839,724839,1
95842,12,SACRAMENTO-METRO_724839,724839,1
95843,12,SACRAMENTO-METRO_724839,724839,1
95912,12,SACRAMENTO-METRO_724839,724839,1
95937,12,SACRAMENTO-METRO_724839,724839,1
95987,12,SACRAMENTO-METRO_724839,724839,1
93426,3,SALINAS_724917,724917,1
93901,3,SALINAS_724917,724917,1
93905,3,SALINAS_724917,724917,1
93906,3,SALINAS_724917,724917,1
93907,3,SALINAS_724917,724917,1
93908,3,SALINAS_724917,724917,1
93925,3,SALINAS_724917,724917,1
93926,3,SALINAS_724917,724917,1
93927,3,SALINAS_724917,724917,1
93930,3,SALINAS_724917,724917,1
93932,3,SALINAS_724917,724917,1
93960,3,SALINAS_724917,724917,1
95004,3,SALINAS_724917,724917,1
95004,3,SALINAS_724917,724917,1
95012,3,SALINAS_724917,724917,1
95019,3,SALINAS_724917,724917,1
95020,3,SALINAS_724917,724917,1
95023,3,SALINAS_724917,724917,1
95037,3,SALINAS_724917,724917,1
95039,3,SALINAS_724917,724917,1
95043,3,SALINAS_724917,724917,1
95045,3,SALINAS_724917,724917,1
95076,3,SALINAS_724917,724917,1
95076,3,SALINAS_724917,724917,1
95076,3,SALINAS_724917,724917,1
94002,3,SAN-CARLOS_724938,724938,1
94019,3,SAN-CARLOS_724938,724938,1
94020,3,SAN-CARLOS_724938,724938,1
94020,3,SAN-CARLOS_724938,724938,1
94021,3,SAN-CARLOS_724938,724938,1
94022,3,SAN-CARLOS_724938,724938,1
94025,3,SAN-CARLOS_724938,724938,1
94027,3,SAN-CARLOS_724938,724938,1
94028,3,SAN-CARLOS_724938,724938,1
94028,3,SAN-CARLOS_724938,724938,1
94043,3,SAN-CARLOS_724938,724938,1
94060,3,SAN-CARLOS_724938,724938,1
94060,3,SAN-CARLOS_724938,724938,1
94061,3,SAN-CARLOS_724938,724938,1
94062,3,SAN-CARLOS_724938,724938,1
94063,3,SAN-CARLOS_724938,724938,1
94065,3,SAN-CARLOS_724938,724938,1
94070,3,SAN-CARLOS_724938,724938,1
94074,3,SAN-CARLOS_724938,724938,1
94089,3,SAN-CARLOS_724938,724938,1
94301,3,SAN-CARLOS_724938,724938,1
94303,3,SAN-CARLOS_724938,724938,1
94303,3,SAN-CARLOS_724938,724938,1
94304,3,SAN-CARLOS_724938,724938,1
94401,3,SAN-CARLOS_724938,724938,1
94402,3,SAN-CARLOS_724938,724938,1
94403,3,SAN-CARLOS_724938,724938,1
94404,3,SAN-CARLOS_724938,724938,1
94560,3,SAN-CARLOS_724938,724938,1
95002,3,SAN-CARLOS_724938,724938,1
95005,3,SAN-CARLOS_724938,724938,1
95006,3,SAN-CARLOS_724938,724938,1
95006,3,SAN-CARLOS_724938,724938,1
95014,3,SAN-CARLOS_724938,724938,1
95017,3,SAN-CARLOS_724938,724938,1
95018,3,SAN-CARLOS_724938,724938,1
95033,3,SAN-CARLOS_724938,724938,1
95033,3,SAN-CARLOS_724938,724938,1
95070,3,SAN-CARLOS_724938,724938,1
95134,3,SAN-CARLOS_724938,724938,1
91001,16,SANDBERG_723830,723830,1
91006,16,SANDBERG_723830,723830,1
91008,16,SANDBERG_723830,723830,1
91010,16,SANDBERG_723830,723830,1
91011,16,SANDBERG_723830,723830,1
91016,16,SANDBERG_723830,723830,1
91024,16,SANDBERG_723830,723830,1
91040,16,SANDBERG_723830,723830,1
91042,16,SANDBERG_723830,723830,1
91107,16,SANDBERG_723830,723830,1
91214,16,SANDBERG_723830,723830,1
91321,16,SANDBERG_723830,723830,1
91342,16,SANDBERG_723830,723830,1
91350,16,SANDBERG_723830,723830,1
91351,16,SANDBERG_723830,723830,1
91384,16,SANDBERG_723830,723830,1
91387,16,SANDBERG_723830,723830,1
91390,16,SANDBERG_723830,723830,1
91701,16,SANDBERG_723830,723830,1
91702,16,SANDBERG_723830,723830,1
91711,16,SANDBERG_723830,723830,1
91737,16,SANDBERG_723830,723830,1
91741,16,SANDBERG_723830,723830,1
91750,16,SANDBERG_723830,723830,1
91759,16,SANDBERG_723830,723830,1
91773,16,SANDBERG_723830,723830,1
91784,16,SANDBERG_723830,723830,1
92220,16,SANDBERG_723830,723830,1
92223,16,SANDBERG_723830,723830,1
92230,16,SANDBERG_723830,723830,1
92256,16,SANDBERG_723830,723830,1
92260,16,SANDBERG_723830,723830,1
92264,16,SANDBERG_723830,723830,1
92282,16,SANDBERG_723830,723830,1
92285,16,SANDBERG_723830,723830,1
92305,16,SANDBERG_723830,723830,1
92308,16,SANDBERG_723830,723830,1
92314,16,SANDBERG_723830,723830,1
92315,16,SANDBERG_723830,723830,1
92317,16,SANDBERG_723830,723830,1
92321,16,SANDBERG_723830,723830,1
92322,16,SANDBERG_723830,723830,1
92325,16,SANDBERG_723830,723830,1
92336,16,SANDBERG_723830,723830,1
92339,16,SANDBERG_723830,723830,1
92344,16,SANDBERG_723830,723830,1
92345,16,SANDBERG_723830,723830,1
92346,16,SANDBERG_723830,723830,1
92352,16,SANDBERG_723830,723830,1
92356,16,SANDBERG_723830,723830,1
92358,16,SANDBERG_723830,723830,1
92359,16,SANDBERG_723830,723830,1
92371,16,SANDBERG_723830,723830,1
92382,16,SANDBERG_723830,723830,1
92385,16,SANDBERG_723830,723830,1
92397,16,SANDBERG_723830,723830,1
92399,16,SANDBERG_723830,723830,1
92404,16,SANDBERG_723830,723830,1
92407,16,SANDBERG_723830,723830,1
92536,16,SANDBERG_723830,723830,1
92539,16,SANDBERG_723830,723830,1
92544,16,SANDBERG_723830,723830,1
92549,16,SANDBERG_723830,723830,1
92561,16,SANDBERG_723830,723830,1
93015,16,SANDBERG_723830,723830,1
93023,16,SANDBERG_723830,723830,1
93060,16,SANDBERG_723830,723830,1
93105,16,SANDBERG_723830,723830,1
93108,16,SANDBERG_723830,723830,1
93203,16,SANDBERG_723830,723830,1
93205,16,SANDBERG_723830,723830,1
93207,16,SANDBERG_723830,723830,1
93225,16,SANDBERG_723830,723830,1
93225,16,SANDBERG_723830,723830,1
93226,16,SANDBERG_723830,723830,1
93238,16,SANDBERG_723830,723830,1
93240,16,SANDBERG_723830,723830,1
93243,16,SANDBERG_723830,723830,1
93243,16,SANDBERG_723830,723830,1
93243,16,SANDBERG_723830,723830,1
93252,16,SANDBERG_723830,723830,1
93252,16,SANDBERG_723830,723830,1
93252,16,SANDBERG_723830,723830,1
93255,16,SANDBERG_723830,723830,1
93257,16,SANDBERG_723830,723830,1
93260,16,SANDBERG_723830,723830,1
93283,16,SANDBERG_723830,723830,1
93285,16,SANDBERG_723830,723830,1
93287,16,SANDBERG_723830,723830,1
93306,16,SANDBERG_723830,723830,1
93308,16,SANDBERG_723830,723830,1
93501,16,SANDBERG_723830,723830,1
93510,16,SANDBERG_723830,723830,1
93518,16,SANDBERG_723830,723830,1
93519,16,SANDBERG_723830,723830,1
93527,16,SANDBERG_723830,723830,1
93531,16,SANDBERG_723830,723830,1
93532,16,SANDBERG_723830,723830,1
93536,16,SANDBERG_723830,723830,1
93543,16,SANDBERG_723830,723830,1
93544,16,SANDBERG_723830,723830,1
93550,16,SANDBERG_723830,723830,1
93552,16,SANDBERG_723830,723830,1
93553,16,SANDBERG_723830,723830,1
93555,16,SANDBERG_723830,723830,1
93555,16,SANDBERG_723830,723830,1
93555,16,SANDBERG_723830,723830,1
93560,16,SANDBERG_723830,723830,1
93561,16,SANDBERG_723830,723830,1
93562,16,SANDBERG_723830,723830,1
93563,16,SANDBERG_723830,723830,1
91914,7,SAN-DIEGO-GILLESPIE_722907,722907,1
91935,7,SAN-DIEGO-GILLESPIE_722907,722907,1
91941,7,SAN-DIEGO-GILLESPIE_722907,722907,1
91942,7,SAN-DIEGO-GILLESPIE_722907,722907,1
91945,7,SAN-DIEGO-GILLESPIE_722907,722907,1
91977,7,SAN-DIEGO-GILLESPIE_722907,722907,1
92020,7,SAN-DIEGO-GILLESPIE_722907,722907,1
92071,7,SAN-DIEGO-GILLESPIE_722907,722907,1
92119,7,SAN-DIEGO-GILLESPIE_722907,722907,1
91950,7,SAN-DIEGO-LINDBERGH_722900,722900,1
92101,7,SAN-DIEGO-LINDBERGH_722900,722900,1
92102,7,SAN-DIEGO-LINDBERGH_722900,722900,1
92103,7,SAN-DIEGO-LINDBERGH_722900,722900,1
92104,7,SAN-DIEGO-LINDBERGH_722900,722900,1
92105,7,SAN-DIEGO-LINDBERGH_722900,722900,1
92109,7,SAN-DIEGO-LINDBERGH_722900,722900,1
92110,7,SAN-DIEGO-LINDBERGH_722900,722900,1
92113,7,SAN-DIEGO-LINDBERGH_722900,722900,1
92114,7,SAN-DIEGO-LINDBERGH_722900,722900,1
92116,7,SAN-DIEGO-LINDBERGH_722900,722900,1
92134,7,SAN-DIEGO-LINDBERGH_722900,722900,1
92136,7,SAN-DIEGO-LINDBERGH_722900,722900,1
92139,7,SAN-DIEGO-LINDBERGH_722900,722900,1
92140,7,SAN-DIEGO-LINDBERGH_722900,722900,1
92037,7,SAN-DIEGO-MONTGOMER_722903,722903,1
92108,7,SAN-DIEGO-MONTGOMER_722903,722903,1
92111,7,SAN-DIEGO-MONTGOMER_722903,722903,1
92115,7,SAN-DIEGO-MONTGOMER_722903,722903,1
92117,7,SAN-DIEGO-MONTGOMER_722903,722903,1
92120,7,SAN-DIEGO-MONTGOMER_722903,722903,1
92121,7,SAN-DIEGO-MONTGOMER_722903,722903,1
92122,7,SAN-DIEGO-MONTGOMER_722903,722903,1
92123,7,SAN-DIEGO-MONTGOMER_722903,722903,1
92124,7,SAN-DIEGO-MONTGOMER_722903,722903,1
92126,7,SAN-DIEGO-MONTGOMER_722903,722903,1
92128,7,SAN-DIEGO-MONTGOMER_722903,722903,1
92129,7,SAN-DIEGO-MONTGOMER_722903,722903,1
92130,7,SAN-DIEGO-MONTGOMER_722903,722903,1
92131,7,SAN-DIEGO-MONTGOMER_722903,722903,1
92145,7,SAN-DIEGO-MONTGOMER_722903,722903,1
92182,7,SAN-DIEGO-MONTGOMER_722903,722903,1
92106,7,SAN-DIEGO-NORTH-IS_722906,722906,1
92107,7,SAN-DIEGO-NORTH-IS_722906,722906,1
92118,7,SAN-DIEGO-NORTH-IS_722906,722906,1
92133,7,SAN-DIEGO-NORTH-IS_722906,722906,1
92135,7,SAN-DIEGO-NORTH-IS_722906,722906,1
92152,7,SAN-DIEGO-NORTH-IS_722906,722906,1
92155,7,SAN-DIEGO-NORTH-IS_722906,722906,1
94005,3,SAN-FRANCISCO-INTL_724940,724940,1
94010,3,SAN-FRANCISCO-INTL_724940,724940,1
94014,3,SAN-FRANCISCO-INTL_724940,724940,1
94014,3,SAN-FRANCISCO-INTL_724940,724940,1
94015,3,SAN-FRANCISCO-INTL_724940,724940,1
94015,3,SAN-FRANCISCO-INTL_724940,724940,1
94030,3,SAN-FRANCISCO-INTL_724940,724940,1
94038,3,SAN-FRANCISCO-INTL_724940,724940,1
94044,3,SAN-FRANCISCO-INTL_724940,724940,1
94066,3,SAN-FRANCISCO-INTL_724940,724940,1
94080,3,SAN-FRANCISCO-INTL_724940,724940,1
94102,3,SAN-FRANCISCO-INTL_724940,724940,1
94103,3,SAN-FRANCISCO-INTL_724940,724940,1
94107,3,SAN-FRANCISCO-INTL_724940,724940,1
94109,3,SAN-FRANCISCO-INTL_724940,724940,1
94110,3,SAN-FRANCISCO-INTL_724940,724940,1
94112,3,SAN-FRANCISCO-INTL_724940,724940,1
94112,3,SAN-FRANCISCO-INTL_724940,724940,1
94114,3,SAN-FRANCISCO-INTL_724940,724940,1
94115,3,SAN-FRANCISCO-INTL_724940,724940,1
94116,3,SAN-FRANCISCO-INTL_724940,724940,1
94117,3,SAN-FRANCISCO-INTL_724940,724940,1
94118,3,SAN-FRANCISCO-INTL_724940,724940,1
94121,3,SAN-FRANCISCO-INTL_724940,724940,1
94122,3,SAN-FRANCISCO-INTL_724940,724940,1
94123,3,SAN-FRANCISCO-INTL_724940,724940,1
94124,3,SAN-FRANCISCO-INTL_724940,724940,1
94127,3,SAN-FRANCISCO-INTL_724940,724940,1
94128,3,SAN-FRANCISCO-INTL_724940,724940,1
94129,3,SAN-FRANCISCO-INTL_724940,724940,1
94131,3,SAN-FRANCISCO-INTL_724940,724940,1
94132,3,SAN-FRANCISCO-INTL_724940,724940,1
94134,3,SAN-FRANCISCO-INTL_724940,724940,1
94134,3,SAN-FRANCISCO-INTL_724940,724940,1
94158,3,SAN-FRANCISCO-INTL_724940,724940,1
94904,3,SAN-FRANCISCO-INTL_724940,724940,1
94922,3,SAN-FRANCISCO-INTL_724940,724940,1
94923,3,SAN-FRANCISCO-INTL_724940,724940,1
94924,3,SAN-FRANCISCO-INTL_724940,724940,1
94929,3,SAN-FRANCISCO-INTL_724940,724940,1
94930,3,SAN-FRANCISCO-INTL_724940,724940,1
94933,3,SAN-FRANCISCO-INTL_724940,724940,1
94937,3,SAN-FRANCISCO-INTL_724940,724940,1
94938,3,SAN-FRANCISCO-INTL_724940,724940,1
94940,3,SAN-FRANCISCO-INTL_724940,724940,1
94941,3,SAN-FRANCISCO-INTL_724940,724940,1
94946,3,SAN-FRANCISCO-INTL_724940,724940,1
94956,3,SAN-FRANCISCO-INTL_724940,724940,1
94963,3,SAN-FRANCISCO-INTL_724940,724940,1
94965,3,SAN-FRANCISCO-INTL_724940,724940,1
94970,3,SAN-FRANCISCO-INTL_724940,724940,1
94971,3,SAN-FRANCISCO-INTL_724940,724940,1
94972,3,SAN-FRANCISCO-INTL_724940,724940,1
94973,3,SAN-FRANCISCO-INTL_724940,724940,1
94085,4,SAN-JOSE-INTL_724945,724945,1
94086,4,SAN-JOSE-INTL_724945,724945,1
94087,4,SAN-JOSE-INTL_724945,724945,1
94089,4,SAN-JOSE-INTL_724945,724945,1
94539,4,SAN-JOSE-INTL_724945,724945,1
94539,4,SAN-JOSE-INTL_724945,724945,1
94550,4,SAN-JOSE-INTL_724945,724945,1
94550,4,SAN-JOSE-INTL_724945,724945,1
94586,4,SAN-JOSE-INTL_724945,724945,1
95002,4,SAN-JOSE-INTL_724945,724945,1
95008,4,SAN-JOSE-INTL_724945,724945,1
95014,4,SAN-JOSE-INTL_724945,724945,1
95030,4,SAN-JOSE-INTL_724945,724945,1
95035,4,SAN-JOSE-INTL_724945,724945,1
95035,4,SAN-JOSE-INTL_724945,724945,1
95050,4,SAN-JOSE-INTL_724945,724945,1
95051,4,SAN-JOSE-INTL_724945,724945,1
95053,4,SAN-JOSE-INTL_724945,724945,1
95054,4,SAN-JOSE-INTL_724945,724945,1
95070,4,SAN-JOSE-INTL_724945,724945,1
95110,4,SAN-JOSE-INTL_724945,724945,1
95112,4,SAN-JOSE-INTL_724945,724945,1
95113,4,SAN-JOSE-INTL_724945,724945,1
95117,4,SAN-JOSE-INTL_724945,724945,1
95126,4,SAN-JOSE-INTL_724945,724945,1
95128,4,SAN-JOSE-INTL_724945,724945,1
95129,4,SAN-JOSE-INTL_724945,724945,1
95130,4,SAN-JOSE-INTL_724945,724945,1
95131,4,SAN-JOSE-INTL_724945,724945,1
95133,4,SAN-JOSE-INTL_724945,724945,1
95134,4,SAN-JOSE-INTL_724945,724945,1
95192,4,SAN-JOSE-INTL_724945,724945,1
93622,4,SAN-JOSE-REID_724946,724946,1
93635,4,SAN-JOSE-REID_724946,724946,1
93635,4,SAN-JOSE-REID_724946,724946,1
93907,4,SAN-JOSE-REID_724946,724946,1
93908,4,SAN-JOSE-REID_724946,724946,1
93924,4,SAN-JOSE-REID_724946,724946,1
93925,4,SAN-JOSE-REID_724946,724946,1
93926,4,SAN-JOSE-REID_724946,724946,1
95004,4,SAN-JOSE-REID_724946,724946,1
95004,4,SAN-JOSE-REID_724946,724946,1
95013,4,SAN-JOSE-REID_724946,724946,1
95020,4,SAN-JOSE-REID_724946,724946,1
95023,4,SAN-JOSE-REID_724946,724946,1
95023,4,SAN-JOSE-REID_724946,724946,1
95032,4,SAN-JOSE-REID_724946,724946,1
95033,4,SAN-JOSE-REID_724946,724946,1
95033,4,SAN-JOSE-REID_724946,724946,1
95037,4,SAN-JOSE-REID_724946,724946,1
95045,4,SAN-JOSE-REID_724946,724946,1
95046,4,SAN-JOSE-REID_724946,724946,1
95076,4,SAN-JOSE-REID_724946,724946,1
95076,4,SAN-JOSE-REID_724946,724946,1
95111,4,SAN-JOSE-REID_724946,724946,1
95116,4,SAN-JOSE-REID_724946,724946,1
95118,4,SAN-JOSE-REID_724946,724946,1
95119,4,SAN-JOSE-REID_724946,724946,1
95120,4,SAN-JOSE-REID_724946,724946,1
95121,4,SAN-JOSE-REID_724946,724946,1
95122,4,SAN-JOSE-REID_724946,724946,1
95123,4,SAN-JOSE-REID_724946,724946,1
95124,4,SAN-JOSE-REID_724946,724946,1
95125,4,SAN-JOSE-REID_724946,724946,1
95127,4,SAN-JOSE-REID_724946,724946,1
95132,4,SAN-JOSE-REID_724946,724946,1
95135,4,SAN-JOSE-REID_724946,724946,1
95136,4,SAN-JOSE-REID_724946,724946,1
95138,4,SAN-JOSE-REID_724946,724946,1
95139,4,SAN-JOSE-REID_724946,724946,1
95140,4,SAN-JOSE-REID_724946,724946,1
95141,4,SAN-JOSE-REID_724946,724946,1
95148,4,SAN-JOSE-REID_724946,724946,1
95322,4,SAN-JOSE-REID_724946,724946,1
95360,4,SAN-JOSE-REID_724946,724946,1
95363,4,SAN-JOSE-REID_724946,724946,1
93401,5,SAN-LUIS-CO_722897,722897,1
93402,5,SAN-LUIS-CO_722897,722897,1
93405,5,SAN-LUIS-CO_722897,722897,1
93407,5,SAN-LUIS-CO_722897,722897,1
93420,5,SAN-LUIS-CO_722897,722897,1
93428,5,SAN-LUIS-CO_722897,722897,1
93430,5,SAN-LUIS-CO_722897,722897,1
93433,5,SAN-LUIS-CO_722897,722897,1
93442,5,SAN-LUIS-CO_722897,722897,1
93445,5,SAN-LUIS-CO_722897,722897,1
93446,5,SAN-LUIS-CO_722897,722897,1
93449,5,SAN-LUIS-CO_722897,722897,1
93452,5,SAN-LUIS-CO_722897,722897,1
93453,5,SAN-LUIS-CO_722897,722897,1
93465,5,SAN-LUIS-CO_722897,722897,1
93920,5,SAN-LUIS-CO_722897,722897,1
92028,8,SANTA-ANA_722977,722977,1
92055,8,SANTA-ANA_722977,722977,1
92530,8,SANTA-ANA_722977,722977,1
92530,8,SANTA-ANA_722977,722977,1
92602,8,SANTA-ANA_722977,722977,1
92603,8,SANTA-ANA_722977,722977,1
92604,8,SANTA-ANA_722977,722977,1
92606,8,SANTA-ANA_722977,722977,1
92610,8,SANTA-ANA_722977,722977,1
92612,8,SANTA-ANA_722977,722977,1
92614,8,SANTA-ANA_722977,722977,1
92617,8,SANTA-ANA_722977,722977,1
92618,8,SANTA-ANA_722977,722977,1
92620,8,SANTA-ANA_722977,722977,1
92626,8,SANTA-ANA_722977,722977,1
92630,8,SANTA-ANA_722977,722977,1
92637,8,SANTA-ANA_722977,722977,1
92651,8,SANTA-ANA_722977,722977,1
92653,8,SANTA-ANA_722977,722977,1
92656,8,SANTA-ANA_722977,722977,1
92660,8,SANTA-ANA_722977,722977,1
92672,8,SANTA-ANA_722977,722977,1
92673,8,SANTA-ANA_722977,722977,1
92675,8,SANTA-ANA_722977,722977,1
92675,8,SANTA-ANA_722977,722977,1
92676,8,SANTA-ANA_722977,722977,1
92679,8,SANTA-ANA_722977,722977,1
92688,8,SANTA-ANA_722977,722977,1
92691,8,SANTA-ANA_722977,722977,1
92692,8,SANTA-ANA_722977,722977,1
92694,8,SANTA-ANA_722977,722977,1
92701,8,SANTA-ANA_722977,722977,1
92703,8,SANTA-ANA_722977,722977,1
92704,8,SANTA-ANA_722977,722977,1
92705,8,SANTA-ANA_722977,722977,1
92706,8,SANTA-ANA_722977,722977,1
92707,8,SANTA-ANA_722977,722977,1
92708,8,SANTA-ANA_722977,722977,1
92780,8,SANTA-ANA_722977,722977,1
92782,8,SANTA-ANA_722977,722977,1
92862,8,SANTA-ANA_722977,722977,1
92866,8,SANTA-ANA_722977,722977,1
92867,8,SANTA-ANA_722977,722977,1
92868,8,SANTA-ANA_722977,722977,1
92869,8,SANTA-ANA_722977,722977,1
92882,8,SANTA-ANA_722977,722977,1
92883,8,SANTA-ANA_722977,722977,1
93013,6,SANTA-BARBARA_723925,723925,1
93013,6,SANTA-BARBARA_723925,723925,1
93067,6,SANTA-BARBARA_723925,723925,1
93101,6,SANTA-BARBARA_723925,723925,1
93103,6,SANTA-BARBARA_723925,723925,1
93105,6,SANTA-BARBARA_723925,723925,1
93106,6,SANTA-BARBARA_723925,723925,1
93108,6,SANTA-BARBARA_723925,723925,1
93109,6,SANTA-BARBARA_723925,723925,1
93110,6,SANTA-BARBARA_723925,723925,1
93111,6,SANTA-BARBARA_723925,723925,1
93117,6,SANTA-BARBARA_723925,723925,1
93436,6,SANTA-BARBARA_723925,723925,1
93252,5,SANTA-MARIA_723940,723940,1
93254,5,SANTA-MARIA_723940,723940,1
93429,5,SANTA-MARIA_723940,723940,1
93434,5,SANTA-MARIA_723940,723940,1
93444,5,SANTA-MARIA_723940,723940,1
93454,5,SANTA-MARIA_723940,723940,1
93454,5,SANTA-MARIA_723940,723940,1
93455,5,SANTA-MARIA_723940,723940,1
93458,5,SANTA-MARIA_723940,723940,1
93458,5,SANTA-MARIA_723940,723940,1
90024,6,SANTA-MONICA_722885,722885,1
90025,6,SANTA-MONICA_722885,722885,1
90034,6,SANTA-MONICA_722885,722885,1
90049,6,SANTA-MONICA_722885,722885,1
90064,6,SANTA-MONICA_722885,722885,1
90066,6,SANTA-MONICA_722885,722885,1
90073,6,SANTA-MONICA_722885,722885,1
90077,6,SANTA-MONICA_722885,722885,1
90094,6,SANTA-MONICA_722885,722885,1
90230,6,SANTA-MONICA_722885,722885,1
90232,6,SANTA-MONICA_722885,722885,1
90263,6,SANTA-MONICA_722885,722885,1
90272,6,SANTA-MONICA_722885,722885,1
90290,6,SANTA-MONICA_722885,722885,1
90291,6,SANTA-MONICA_722885,722885,1
90292,6,SANTA-MONICA_722885,722885,1
90401,6,SANTA-MONICA_722885,722885,1
90402,6,SANTA-MONICA_722885,722885,1
90403,6,SANTA-MONICA_722885,722885,1
90404,6,SANTA-MONICA_722885,722885,1
90405,6,SANTA-MONICA_722885,722885,1
91302,6,SANTA-MONICA_722885,722885,1
94508,2,SANTA-ROSA_724957,724957,1
94515,2,SANTA-ROSA_724957,724957,1
94515,2,SANTA-ROSA_724957,724957,1
94567,2,SANTA-ROSA_724957,724957,1
94574,2,SANTA-ROSA_724957,724957,1
94574,2,SANTA-ROSA_724957,724957,1
94576,2,SANTA-ROSA_724957,724957,1
94922,2,SANTA-ROSA_724957,724957,1
94928,2,SANTA-ROSA_724957,724957,1
94931,2,SANTA-ROSA_724957,724957,1
94951,2,SANTA-ROSA_724957,724957,1
94952,2,SANTA-ROSA_724957,724957,1
94952,2,SANTA-ROSA_724957,724957,1
94972,2,SANTA-ROSA_724957,724957,1
95401,2,SANTA-ROSA_724957,724957,1
95403,2,SANTA-ROSA_724957,724957,1
95404,2,SANTA-ROSA_724957,724957,1
95405,2,SANTA-ROSA_724957,724957,1
95407,2,SANTA-ROSA_724957,724957,1
95409,2,SANTA-ROSA_724957,724957,1
95421,2,SANTA-ROSA_724957,724957,1
95422,2,SANTA-ROSA_724957,724957,1
95425,2,SANTA-ROSA_724957,724957,1
95436,2,SANTA-ROSA_724957,724957,1
95439,2,SANTA-ROSA_724957,724957,1
95441,2,SANTA-ROSA_724957,724957,1
95441,2,SANTA-ROSA_724957,724957,1
95444,2,SANTA-ROSA_724957,724957,1
95446,2,SANTA-ROSA_724957,724957,1
95448,2,SANTA-ROSA_724957,724957,1
95452,2,SANTA-ROSA_724957,724957,1
95457,2,SANTA-ROSA_724957,724957,1
95461,2,SANTA-ROSA_724957,724957,1
95461,2,SANTA-ROSA_724957,724957,1
95461,2,SANTA-ROSA_724957,724957,1
95462,2,SANTA-ROSA_724957,724957,1
95465,2,SANTA-ROSA_724957,724957,1
95467,2,SANTA-ROSA_724957,724957,1
95472,2,SANTA-ROSA_724957,724957,1
95492,2,SANTA-ROSA_724957,724957,1
95606,2,SANTA-ROSA_724957,724957,1
95679,2,SANTA-ROSA_724957,724957,1
93517,16,SOUTH-LAKE-TAHOE_725847,725847,1
95223,16,SOUTH-LAKE-TAHOE_725847,725847,1
95223,16,SOUTH-LAKE-TAHOE_725847,725847,1
95245,16,SOUTH-LAKE-TAHOE_725847,725847,1
95246,16,SOUTH-LAKE-TAHOE_725847,725847,1
95247,16,SOUTH-LAKE-TAHOE_725847,725847,1
95255,16,SOUTH-LAKE-TAHOE_725847,725847,1
95255,16,SOUTH-LAKE-TAHOE_725847,725847,1
95257,16,SOUTH-LAKE-TAHOE_725847,725847,1
95310,16,SOUTH-LAKE-TAHOE_725847,725847,1
95311,16,SOUTH-LAKE-TAHOE_725847,725847,1
95311,16,SOUTH-LAKE-TAHOE_725847,725847,1
95321,16,SOUTH-LAKE-TAHOE_725847,725847,1
95321,16,SOUTH-LAKE-TAHOE_725847,725847,1
95335,16,SOUTH-LAKE-TAHOE_725847,725847,1
95345,16,SOUTH-LAKE-TAHOE_725847,725847,1
95346,16,SOUTH-LAKE-TAHOE_725847,725847,1
95364,16,SOUTH-LAKE-TAHOE_725847,725847,1
95370,16,SOUTH-LAKE-TAHOE_725847,725847,1
95379,16,SOUTH-LAKE-TAHOE_725847,725847,1
95383,16,SOUTH-LAKE-TAHOE_725847,725847,1
95629,16,SOUTH-LAKE-TAHOE_725847,725847,1
95629,16,SOUTH-LAKE-TAHOE_725847,725847,1
95636,16,SOUTH-LAKE-TAHOE_725847,725847,1
95666,16,SOUTH-LAKE-TAHOE_725847,725847,1
95666,16,SOUTH-LAKE-TAHOE_725847,725847,1
95684,16,SOUTH-LAKE-TAHOE_725847,725847,1
95689,16,SOUTH-LAKE-TAHOE_725847,725847,1
95720,16,SOUTH-LAKE-TAHOE_725847,725847,1
95721,16,SOUTH-LAKE-TAHOE_725847,725847,1
95726,16,SOUTH-LAKE-TAHOE_725847,725847,1
95735,16,SOUTH-LAKE-TAHOE_725847,725847,1
96107,16,SOUTH-LAKE-TAHOE_725847,725847,1
96120,16,SOUTH-LAKE-TAHOE_725847,725847,1
96133,16,SOUTH-LAKE-TAHOE_725847,725847,1
96142,16,SOUTH-LAKE-TAHOE_725847,725847,1
96142,16,SOUTH-LAKE-TAHOE_725847,725847,1
96150,16,SOUTH-LAKE-TAHOE_725847,725847,1
95202,12,STOCKTON_724920,724920,1
95203,12,STOCKTON_724920,724920,1
95204,12,STOCKTON_724920,724920,1
95205,12,STOCKTON_724920,724920,1
95206,12,STOCKTON_724920,724920,1
95207,12,STOCKTON_724920,724920,1
95209,12,STOCKTON_724920,724920,1
95210,12,STOCKTON_724920,724920,1
95211,12,STOCKTON_724920,724920,1
95212,12,STOCKTON_724920,724920,1
95215,12,STOCKTON_724920,724920,1
95219,12,STOCKTON_724920,724920,1
95220,12,STOCKTON_724920,724920,1
95223,12,STOCKTON_724920,724920,1
95230,12,STOCKTON_724920,724920,1
95230,12,STOCKTON_724920,724920,1
95230,12,STOCKTON_724920,724920,1
95231,12,STOCKTON_724920,724920,1
95232,12,STOCKTON_724920,724920,1
95236,12,STOCKTON_724920,724920,1
95236,12,STOCKTON_724920,724920,1
95237,12,STOCKTON_724920,724920,1
95240,12,STOCKTON_724920,724920,1
95242,12,STOCKTON_724920,724920,1
95245,12,STOCKTON_724920,724920,1
95246,12,STOCKTON_724920,724920,1
95249,12,STOCKTON_724920,724920,1
95252,12,STOCKTON_724920,724920,1
95255,12,STOCKTON_724920,724920,1
95255,12,STOCKTON_724920,724920,1
95257,12,STOCKTON_724920,724920,1
95258,12,STOCKTON_724920,724920,1
95304,12,STOCKTON_724920,724920,1
95320,12,STOCKTON_724920,724920,1
95330,12,STOCKTON_724920,724920,1
95336,12,STOCKTON_724920,724920,1
95337,12,STOCKTON_724920,724920,1
95366,12,STOCKTON_724920,724920,1
95376,12,STOCKTON_724920,724920,1
95642,12,STOCKTON_724920,724920,1
95665,12,STOCKTON_724920,724920,1
90248,6,TORRANCE_722955,722955,1
90274,6,TORRANCE_722955,722955,1
90275,6,TORRANCE_722955,722955,1
90277,6,TORRANCE_722955,722955,1
90501,6,TORRANCE_722955,722955,1
90502,6,TORRANCE_722955,722955,1
90503,6,TORRANCE_722955,722955,1
90504,6,TORRANCE_722955,722955,1
90505,6,TORRANCE_722955,722955,1
90680,6,TORRANCE_722955,722955,1
90710,6,TORRANCE_722955,722955,1
90717,6,TORRANCE_722955,722955,1
90720,6,TORRANCE_722955,722955,1
90731,6,TORRANCE_722955,722955,1
90732,6,TORRANCE_722955,722955,1
90740,6,TORRANCE_722955,722955,1
90742,6,TORRANCE_722955,722955,1
90743,6,TORRANCE_722955,722955,1
90744,6,TORRANCE_722955,722955,1
90745,6,TORRANCE_722955,722955,1
90746,6,TORRANCE_722955,722955,1
90755,6,TORRANCE_722955,722955,1
90802,6,TORRANCE_722955,722955,1
90803,6,TORRANCE_722955,722955,1
90804,6,TORRANCE_722955,722955,1
90806,6,TORRANCE_722955,722955,1
90807,6,TORRANCE_722955,722955,1
90810,6,TORRANCE_722955,722955,1
90813,6,TORRANCE_722955,722955,1
90814,6,TORRANCE_722955,722955,1
90815,6,TORRANCE_722955,722955,1
90840,6,TORRANCE_722955,722955,1
92603,6,TORRANCE_722955,722955,1
92612,6,TORRANCE_722955,722955,1
92614,6,TORRANCE_722955,722955,1
92617,6,TORRANCE_722955,722955,1
92624,6,TORRANCE_722955,722955,1
92625,6,TORRANCE_722955,722955,1
92626,6,TORRANCE_722955,722955,1
92627,6,TORRANCE_722955,722955,1
92629,6,TORRANCE_722955,722955,1
92637,6,TORRANCE_722955,722955,1
92646,6,TORRANCE_722955,722955,1
92647,6,TORRANCE_722955,722955,1
92648,6,TORRANCE_722955,722955,1
92649,6,TORRANCE_722955,722955,1
92651,6,TORRANCE_722955,722955,1
92653,6,TORRANCE_722955,722955,1
92655,6,TORRANCE_722955,722955,1
92656,6,TORRANCE_722955,722955,1
92657,6,TORRANCE_722955,722955,1
92660,6,TORRANCE_722955,722955,1
92661,6,TORRANCE_722955,722955,1
92662,6,TORRANCE_722955,722955,1
92663,6,TORRANCE_722955,722955,1
92672,6,TORRANCE_722955,722955,1
92672,6,TORRANCE_722955,722955,1
92673,6,TORRANCE_722955,722955,1
92675,6,TORRANCE_722955,722955,1
92677,6,TORRANCE_722955,722955,1
92683,6,TORRANCE_722955,722955,1
92691,6,TORRANCE_722955,722955,1
92692,6,TORRANCE_722955,722955,1
92697,6,TORRANCE_722955,722955,1
92703,6,TORRANCE_722955,722955,1
92704,6,TORRANCE_722955,722955,1
92707,6,TORRANCE_722955,722955,1
92708,6,TORRANCE_722955,722955,1
92841,6,TORRANCE_722955,722955,1
92843,6,TORRANCE_722955,722955,1
92844,6,TORRANCE_722955,722955,1
92845,6,TORRANCE_722955,722955,1
95728,16,TRUCKEE-TAHOE_725846,725846,1
95728,16,TRUCKEE-TAHOE_725846,725846,1
96105,16,TRUCKEE-TAHOE_725846,725846,1
96109,16,TRUCKEE-TAHOE_725846,725846,1
96111,16,TRUCKEE-TAHOE_725846,725846,1
96113,16,TRUCKEE-TAHOE_725846,725846,1
96114,16,TRUCKEE-TAHOE_725846,725846,1
96114,16,TRUCKEE-TAHOE_725846,725846,1
96118,16,TRUCKEE-TAHOE_725846,725846,1
96121,16,TRUCKEE-TAHOE_725846,725846,1
96122,16,TRUCKEE-TAHOE_725846,725846,1
96124,16,TRUCKEE-TAHOE_725846,725846,1
96126,16,TRUCKEE-TAHOE_725846,725846,1
96128,16,TRUCKEE-TAHOE_725846,725846,1
96135,16,TRUCKEE-TAHOE_725846,725846,1
96136,16,TRUCKEE-TAHOE_725846,725846,1
96140,16,TRUCKEE-TAHOE_725846,725846,1
96141,16,TRUCKEE-TAHOE_725846,725846,1
96143,16,TRUCKEE-TAHOE_725846,725846,1
96145,16,TRUCKEE-TAHOE_725846,725846,1
96146,16,TRUCKEE-TAHOE_725846,725846,1
96148,16,TRUCKEE-TAHOE_725846,725846,1
96161,16,TRUCKEE-TAHOE_725846,725846,1
96161,16,TRUCKEE-TAHOE_725846,725846,1
96162,16,TRUCKEE-TAHOE_725846,725846,1
96162,16,TRUCKEE-TAHOE_725846,725846,1
91901,14,TWENTYNINE-PALMS_690150,690150,1
91905,14,TWENTYNINE-PALMS_690150,690150,1
91906,14,TWENTYNINE-PALMS_690150,690150,1
91916,14,TWENTYNINE-PALMS_690150,690150,1
91917,14,TWENTYNINE-PALMS_690150,690150,1
91934,14,TWENTYNINE-PALMS_690150,690150,1
91935,14,TWENTYNINE-PALMS_690150,690150,1
91962,14,TWENTYNINE-PALMS_690150,690150,1
91963,14,TWENTYNINE-PALMS_690150,690150,1
91980,14,TWENTYNINE-PALMS_690150,690150,1
92004,14,TWENTYNINE-PALMS_690150,690150,1
92021,14,TWENTYNINE-PALMS_690150,690150,1
92036,14,TWENTYNINE-PALMS_690150,690150,1
92040,14,TWENTYNINE-PALMS_690150,690150,1
92059,14,TWENTYNINE-PALMS_690150,690150,1
92061,14,TWENTYNINE-PALMS_690150,690150,1
92065,14,TWENTYNINE-PALMS_690150,690150,1
92066,14,TWENTYNINE-PALMS_690150,690150,1
92070,14,TWENTYNINE-PALMS_690150,690150,1
92082,14,TWENTYNINE-PALMS_690150,690150,1
92086,14,TWENTYNINE-PALMS_690150,690150,1
92220,14,TWENTYNINE-PALMS_690150,690150,1
92239,14,TWENTYNINE-PALMS_690150,690150,1
92240,14,TWENTYNINE-PALMS_690150,690150,1
92241,14,TWENTYNINE-PALMS_690150,690150,1
92252,14,TWENTYNINE-PALMS_690150,690150,1
92254,14,TWENTYNINE-PALMS_690150,690150,1
92256,14,TWENTYNINE-PALMS_690150,690150,1
92277,14,TWENTYNINE-PALMS_690150,690150,1
92278,14,TWENTYNINE-PALMS_690150,690150,1
92280,14,TWENTYNINE-PALMS_690150,690150,1
92282,14,TWENTYNINE-PALMS_690150,690150,1
92283,14,TWENTYNINE-PALMS_690150,690150,1
92284,14,TWENTYNINE-PALMS_690150,690150,1
92285,14,TWENTYNINE-PALMS_690150,690150,1
92304,14,TWENTYNINE-PALMS_690150,690150,1
92305,14,TWENTYNINE-PALMS_690150,690150,1
92314,14,TWENTYNINE-PALMS_690150,690150,1
92332,14,TWENTYNINE-PALMS_690150,690150,1
92338,14,TWENTYNINE-PALMS_690150,690150,1
92339,14,TWENTYNINE-PALMS_690150,690150,1
92363,14,TWENTYNINE-PALMS_690150,690150,1
92536,14,TWENTYNINE-PALMS_690150,690150,1
92536,14,TWENTYNINE-PALMS_690150,690150,1
92539,14,TWENTYNINE-PALMS_690150,690150,1
92561,14,TWENTYNINE-PALMS_690150,690150,1
92592,14,TWENTYNINE-PALMS_690150,690150,1
95412,2,UKIAH_725905,725905,1
95415,2,UKIAH_725905,725905,1
95417,2,UKIAH_725905,725905,1
95423,2,UKIAH_725905,725905,1
95423,2,UKIAH_725905,725905,1
95427,2,UKIAH_725905,725905,1
95428,2,UKIAH_725905,725905,1
95429,2,UKIAH_725905,725905,1
95437,2,UKIAH_725905,725905,1
95443,2,UKIAH_725905,725905,1
95445,2,UKIAH_725905,725905,1
95449,2,UKIAH_725905,725905,1
95451,2,UKIAH_725905,725905,1
95453,2,UKIAH_725905,725905,1
95454,2,UKIAH_725905,725905,1
95458,2,UKIAH_725905,725905,1
95459,2,UKIAH_725905,725905,1
95464,2,UKIAH_725905,725905,1
95466,2,UKIAH_725905,725905,1
95468,2,UKIAH_725905,725905,1
95469,2,UKIAH_725905,725905,1
95469,2,UKIAH_725905,725905,1
95470,2,UKIAH_725905,725905,1
95482,2,UKIAH_725905,725905,1
95485,2,UKIAH_725905,725905,1
95490,2,UKIAH_725905,725905,1
95493,2,UKIAH_725905,725905,1
95494,2,UKIAH_725905,725905,1
95511,2,UKIAH_725905,725905,1
95514,2,UKIAH_725905,725905,1
95525,2,UKIAH_725905,725905,1
95526,2,UKIAH_725905,725905,1
95526,2,UKIAH_725905,725905,1
95527,2,UKIAH_725905,725905,1
95528,2,UKIAH_725905,725905,1
95542,2,UKIAH_725905,725905,1
95542,2,UKIAH_725905,725905,1
95546,2,UKIAH_725905,725905,1
95549,2,UKIAH_725905,725905,1
95550,2,UKIAH_725905,725905,1
95552,2,UKIAH_725905,725905,1
95554,2,UKIAH_725905,725905,1
95556,2,UKIAH_725905,725905,1
95560,2,UKIAH_725905,725905,1
95563,2,UKIAH_725905,725905,1
95563,2,UKIAH_725905,725905,1
95565,2,UKIAH_725905,725905,1
95568,2,UKIAH_725905,725905,1
95569,2,UKIAH_725905,725905,1
95573,2,UKIAH_725905,725905,1
95585,2,UKIAH_725905,725905,1
95587,2,UKIAH_725905,725905,1
95589,2,UKIAH_725905,725905,1
95595,2,UKIAH_725905,725905,1
95939,2,UKIAH_725905,725905,1
95979,2,UKIAH_725905,725905,1
95987,2,UKIAH_725905,725905,1
96031,2,UKIAH_725905,725905,1
96046,2,UKIAH_725905,725905,1
96046,2,UKIAH_725905,725905,1
93437,5,VANDENBERG-AFB_723930,723930,1
90025,9,VAN-NUYS_722886,722886,1
90049,9,VAN-NUYS_722886,722886,1
90073,9,VAN-NUYS_722886,722886,1
90077,9,VAN-NUYS_722886,722886,1
90095,9,VAN-NUYS_722886,722886,1
90265,9,VAN-NUYS_722886,722886,1
90265,9,VAN-NUYS_722886,722886,1
90272,9,VAN-NUYS_722886,722886,1
90290,9,VAN-NUYS_722886,722886,1
91301,9,VAN-NUYS_722886,722886,1
91301,9,VAN-NUYS_722886,722886,1
91302,9,VAN-NUYS_722886,722886,1
91303,9,VAN-NUYS_722886,722886,1
91304,9,VAN-NUYS_722886,722886,1
91304,9,VAN-NUYS_722886,722886,1
91306,9,VAN-NUYS_722886,722886,1
91307,9,VAN-NUYS_722886,722886,1
91307,9,VAN-NUYS_722886,722886,1
91311,9,VAN-NUYS_722886,722886,1
91311,9,VAN-NUYS_722886,722886,1
91316,9,VAN-NUYS_722886,722886,1
91320,9,VAN-NUYS_722886,722886,1
91321,9,VAN-NUYS_722886,722886,1
91324,9,VAN-NUYS_722886,722886,1
91325,9,VAN-NUYS_722886,722886,1
91326,9,VAN-NUYS_722886,722886,1
91330,9,VAN-NUYS_722886,722886,1
91331,9,VAN-NUYS_722886,722886,1
91335,9,VAN-NUYS_722886,722886,1
91340,9,VAN-NUYS_722886,722886,1
91342,9,VAN-NUYS_722886,722886,1
91343,9,VAN-NUYS_722886,722886,1
91344,9,VAN-NUYS_722886,722886,1
91345,9,VAN-NUYS_722886,722886,1
91350,9,VAN-NUYS_722886,722886,1
91351,9,VAN-NUYS_722886,722886,1
91354,9,VAN-NUYS_722886,722886,1
91355,9,VAN-NUYS_722886,722886,1
91356,9,VAN-NUYS_722886,722886,1
91360,9,VAN-NUYS_722886,722886,1
91361,9,VAN-NUYS_722886,722886,1
91361,9,VAN-NUYS_722886,722886,1
91362,9,VAN-NUYS_722886,722886,1
91362,9,VAN-NUYS_722886,722886,1
91364,9,VAN-NUYS_722886,722886,1
91367,9,VAN-NUYS_722886,722886,1
91371,9,VAN-NUYS_722886,722886,1
91377,9,VAN-NUYS_722886,722886,1
91381,9,VAN-NUYS_722886,722886,1
91384,9,VAN-NUYS_722886,722886,1
91387,9,VAN-NUYS_722886,722886,1
91390,9,VAN-NUYS_722886,722886,1
91401,9,VAN-NUYS_722886,722886,1
91402,9,VAN-NUYS_722886,722886,1
91403,9,VAN-NUYS_722886,722886,1
91405,9,VAN-NUYS_722886,722886,1
91406,9,VAN-NUYS_722886,722886,1
91411,9,VAN-NUYS_722886,722886,1
91423,9,VAN-NUYS_722886,722886,1
91436,9,VAN-NUYS_722886,722886,1
93001,9,VAN-NUYS_722886,722886,1
93003,9,VAN-NUYS_722886,722886,1
93004,9,VAN-NUYS_722886,722886,1
93012,9,VAN-NUYS_722886,722886,1
93013,9,VAN-NUYS_722886,722886,1
93015,9,VAN-NUYS_722886,722886,1
93021,9,VAN-NUYS_722886,722886,1
93022,9,VAN-NUYS_722886,722886,1
93023,9,VAN-NUYS_722886,722886,1
93060,9,VAN-NUYS_722886,722886,1
93063,9,VAN-NUYS_722886,722886,1
93063,9,VAN-NUYS_722886,722886,1
93065,9,VAN-NUYS_722886,722886,1
93066,9,VAN-NUYS_722886,722886,1
93108,9,VAN-NUYS_722886,722886,1
93212,13,VISALIA_723896,723896,1
93212,13,VISALIA_723896,723896,1
93223,13,VISALIA_723896,723896,1
93230,13,VISALIA_723896,723896,1
93235,13,VISALIA_723896,723896,1
93244,13,VISALIA_723896,723896,1
93271,13,VISALIA_723896,723896,1
93274,13,VISALIA_723896,723896,1
93277,13,VISALIA_723896,723896,1
93286,13,VISALIA_723896,723896,1
93291,13,VISALIA_723896,723896,1
93292,13,VISALIA_723896,723896,1
93615,13,VISALIA_723896,723896,1
93618,13,VISALIA_723896,723896,1
93618,13,VISALIA_723896,723896,1
93631,13,VISALIA_723896,723896,1
93631,13,VISALIA_723896,723896,1
93631,13,VISALIA_723896,723896,1
93633,13,VISALIA_723896,723896,1
93641,13,VISALIA_723896,723896,1
93646,13,VISALIA_723896,723896,1
93646,13,VISALIA_723896,723896,1
93647,13,VISALIA_723896,723896,1
93647,13,VISALIA_723896,723896,1
95422,11,YUBA-CO_724838,724838,1
95423,11,YUBA-CO_724838,724838,1
95423,11,YUBA-CO_724838,724838,1
95626,11,YUBA-CO_724838,724838,1
95626,11,YUBA-CO_724838,724838,1
95626,11,YUBA-CO_724838,724838,1
95645,11,YUBA-CO_724838,724838,1
95645,11,YUBA-CO_724838,724838,1
95659,11,YUBA-CO_724838,724838,1
95668,11,YUBA-CO_724838,724838,1
95668,11,YUBA-CO_724838,724838,1
95674,11,YUBA-CO_724838,724838,1
95674,11,YUBA-CO_724838,724838,1
95679,11,YUBA-CO_724838,724838,1
95691,11,YUBA-CO_724838,724838,1
95776,11,YUBA-CO_724838,724838,1
95836,11,YUBA-CO_724838,724838,1
95836,11,YUBA-CO_724838,724838,1
95837,11,YUBA-CO_724838,724838,1
95837,11,YUBA-CO_724838,724838,1
95912,11,YUBA-CO_724838,724838,1
95917,11,YUBA-CO_724838,724838,1
95920,11,YUBA-CO_724838,724838,1
95932,11,YUBA-CO_724838,724838,1
95937,11,YUBA-CO_724838,724838,1
95938,11,YUBA-CO_724838,724838,1
95948,11,YUBA-CO_724838,724838,1
95948,11,YUBA-CO_724838,724838,1
95953,11,YUBA-CO_724838,724838,1
95953,11,YUBA-CO_724838,724838,1
95955,11,YUBA-CO_724838,724838,1
95957,11,YUBA-CO_724838,724838,1
95961,11,YUBA-CO_724838,724838,1
95965,11,YUBA-CO_724838,724838,1
95970,11,YUBA-CO_724838,724838,1
95970,11,YUBA-CO_724838,724838,1
95979,11,YUBA-CO_724838,724838,1
95982,11,YUBA-CO_724838,724838,1
95987,11,YUBA-CO_724838,724838,1
95991,11,YUBA-CO_724838,724838,1
95993,11,YUBA-CO_724838,724838,1
*,*,unknown,,0
ENDTABLE,,,,