ZipCode,ClimateZone,WeatherFile,WthrStationNum,IsValid
*,*,unknown,,0.0
90001,8,HAWTHORNE-NORTHROP-FLD_722956,722956.0,1.0
90002,8,HAWTHORNE-NORTHROP-FLD_722956,722956.0,1.0
90003,8,HAWTHORNE-NORTHROP-FLD_722956,722956.0,1.0
90004,9,LOS-ANGELES-DOWNTOWN_722874,722874.0,1.0
90005,9,LOS-ANGELES-DOWNTOWN_722874,722874.0,1.0
90006,9,LOS-ANGELES-DOWNTOWN_722874,722874.0,1.0
90007,8,HAWTHORNE-NORTHROP-FLD_722956,722956.0,1.0
90007,9,LOS-ANGELES-DOWNTOWN_722874,722874.0,1.0
90008,8,HAWTHORNE-NORTHROP-FLD_722956,722956.0,1.0
90010,9,LOS-ANGELES-DOWNTOWN_722874,722874.0,1.0
90011,8,HAWTHORNE-NORTHROP-FLD_722956,722956.0,1.0
90012,9,LOS-ANGELES-DOWNTOWN_722874,722874.0,1.0
90013,9,LOS-ANGELES-DOWNTOWN_722874,722874.0,1.0
90014,9,LOS-ANGELES-DOWNTOWN_722874,722874.0,1.0
90015,8,HAWTHORNE-NORTHROP-FLD_722956,722956.0,1.0
90015,9,LOS-ANGELES-DOWNTOWN_722874,722874.0,1.0
90016,8,HAWTHORNE-NORTHROP-FLD_722956,722956.0,1.0
90016,9,LOS-ANGELES-DOWNTOWN_722874,722874.0,1.0
90017,9,LOS-ANGELES-DOWNTOWN_722874,722874.0,1.0
90018,8,HAWTHORNE-NORTHROP-FLD_722956,722956.0,1.0
90018,9,LOS-ANGELES-DOWNTOWN_722874,722874.0,1.0
90019,9,LOS-ANGELES-DOWNTOWN_722874,722874.0,1.0
90020,9,LOS-ANGELES-DOWNTOWN_722874,722874.0,1.0
90021,8,HAWTHORNE-NORTHROP-FLD_722956,722956.0,1.0
90021,9,LOS-ANGELES-DOWNTOWN_722874,722874.0,1.0
90022,9,LOS-ANGELES-DOWNTOWN_722874,722874.0,1.0
90023,8,HAWTHORNE-NORTHROP-FLD_722956,722956.0,1.0
90023,9,LOS-ANGELES-DOWNTOWN_722874,722874.0,1.0
90024,6,SANTA-MONICA_722885,722885.0,1.0
90024,9,BURBANK-GLENDALE_722880,722880.0,1.0
90025,6,SANTA-MONICA_722885,722885.0,1.0
90025,9,VAN-NUYS_722886,722886.0,1.0
90026,9,LOS-ANGELES-DOWNTOWN_722874,722874.0,1.0
90027,9,BURBANK-GLENDALE_722880,722880.0,1.0
90028,9,BURBANK-GLENDALE_722880,722880.0,1.0
90029,9,LOS-ANGELES-DOWNTOWN_722874,722874.0,1.0
90031,9,LOS-ANGELES-DOWNTOWN_722874,722874.0,1.0
90032,9,LOS-ANGELES-DOWNTOWN_722874,722874.0,1.0
90033,9,LOS-ANGELES-DOWNTOWN_722874,722874.0,1.0
90034,6,SANTA-MONICA_722885,722885.0,1.0
90034,8,HAWTHORNE-NORTHROP-FLD_722956,722956.0,1.0
90034,9,LOS-ANGELES-DOWNTOWN_722874,722874.0,1.0
90035,9,LOS-ANGELES-DOWNTOWN_722874,722874.0,1.0
90036,9,LOS-ANGELES-DOWNTOWN_722874,722874.0,1.0
90037,8,HAWTHORNE-NORTHROP-FLD_722956,722956.0,1.0
90038,9,LOS-ANGELES-DOWNTOWN_722874,722874.0,1.0
90039,9,LOS-ANGELES-DOWNTOWN_722874,722874.0,1.0
90040,8,HAWTHORNE-NORTHROP-FLD_722956,722956.0,1.0
90040,9,LOS-ANGELES-DOWNTOWN_722874,722874.0,1.0
90041,9,LOS-ANGELES-DOWNTOWN_722874,722874.0,1.0
90042,9,LOS-ANGELES-DOWNTOWN_722874,722874.0,1.0
90043,8,HAWTHORNE-NORTHROP-FLD_722956,722956.0,1.0
90044,8,HAWTHORNE-NORTHROP-FLD_722956,722956.0,1.0
90045,6,LOS-ANGELES-INTL_722950,722950.0,1.0
90045,8,HAWTHORNE-NORTHROP-FLD_722956,722956.0,1.0
90046,9,BURBANK-GLENDALE_722880,722880.0,1.0
90047,8,HAWTHORNE-NORTHROP-FLD_722956,722956.0,1.0
90048,9,LOS-ANGELES-DOWNTOWN_722874,722874.0,1.0
90049,6,SANTA-MONICA_722885,722885.0,1.0
90049,9,VAN-NUYS_722886,722886.0,1.0
90056,6,LOS-ANGELES-INTL_722950,722950.0,1.0
90056,8,HAWTHORNE-NORTHROP-FLD_722956,722956.0,1.0
90057,9,LOS-ANGELES-DOWNTOWN_722874,722874.0,1.0
90058,8,HAWTHORNE-NORTHROP-FLD_722956,722956.0,1.0
90059,8,HAWTHORNE-NORTHROP-FLD_722956,722956.0,1.0
90061,8,HAWTHORNE-NORTHROP-FLD_722956,722956.0,1.0
90062,8,HAWTHORNE-NORTHROP-FLD_722956,722956.0,1.0
90063,9,LOS-ANGELES-DOWNTOWN_722874,722874.0,1.0
90064,6,SANTA-MONICA_722885,722885.0,1.0
90064,8,HAWTHORNE-NORTHROP-FLD_722956,722956.0,1.0
90064,9,LOS-ANGELES-DOWNTOWN_722874,722874.0,1.0
90065,9,LOS-ANGELES-DOWNTOWN_722874,722874.0,1.0
90066,6,SANTA-MONICA_722885,722885.0,1.0
90067,9,LOS-ANGELES-DOWNTOWN_722874,722874.0,1.0
90068,9,BURBANK-GLENDALE_722880,722880.0,1.0
90069,9,BURBANK-GLENDALE_722880,722880.0,1.0
90071,9,LOS-ANGELES-DOWNTOWN_722874,722874.0,1.0
90073,6,SANTA-MONICA_722885,722885.0,1.0
90073,9,VAN-NUYS_722886,722886.0,1.0
90077,6,SANTA-MONICA_722885,722885.0,1.0
90077,9,VAN-NUYS_722886,722886.0,1.0
90089,8,HAWTHORNE-NORTHROP-FLD_722956,722956.0,1.0
90094,6,SANTA-MONICA_722885,722885.0,1.0
90095,9,VAN-NUYS_722886,722886.0,1.0
90201,8,HAWTHORNE-NORTHROP-FLD_722956,722956.0,1.0
90210,9,BURBANK-GLENDALE_722880,722880.0,1.0
90211,9,LOS-ANGELES-DOWNTOWN_722874,722874.0,1.0
90212,9,BURBANK-GLENDALE_722880,722880.0,1.0
90220,8,LONG-BEACH_722970,722970.0,1.0
90221,8,LONG-BEACH_722970,722970.0,1.0
90222,8,HAWTHORNE-NORTHROP-FLD_722956,722956.0,1.0
90230,6,SANTA-MONICA_722885,722885.0,1.0
90230,8,HAWTHORNE-NORTHROP-FLD_722956,722956.0,1.0
90232,6,SANTA-MONICA_722885,722885.0,1.0
90232,8,HAWTHORNE-NORTHROP-FLD_722956,722956.0,1.0
90240,8,LONG-BEACH_722970,722970.0,1.0
90240,9,LOS-ANGELES-DOWNTOWN_722874,722874.0,1.0
90241,8,LONG-BEACH_722970,722970.0,1.0
90242,8,LONG-BEACH_722970,722970.0,1.0
90245,6,LOS-ANGELES-INTL_722950,722950.0,1.0
90247,8,HAWTHORNE-NORTHROP-FLD_722956,722956.0,1.0
90248,6,TORRANCE_722955,722955.0,1.0
90248,8,HAWTHORNE-NORTHROP-FLD_722956,722956.0,1.0
90249,8,HAWTHORNE-NORTHROP-FLD_722956,722956.0,1.0
90250,6,LOS-ANGELES-INTL_722950,722950.0,1.0
90250,8,HAWTHORNE-NORTHROP-FLD_722956,722956.0,1.0
90254,6,LOS-ANGELES-INTL_722950,722950.0,1.0
90255,8,HAWTHORNE-NORTHROP-FLD_722956,722956.0,1.0
90260,6,LOS-ANGELES-INTL_722950,722950.0,1.0
90260,8,HAWTHORNE-NORTHROP-FLD_722956,722956.0,1.0
90262,8,HAWTHORNE-NORTHROP-FLD_722956,722956.0,1.0
90263,6,SANTA-MONICA_722885,722885.0,1.0
90265,6,POINT-MUGU_723910,723910.0,1.0
90265,9,VAN-NUYS_722886,722886.0,1.0
90266,6,LOS-ANGELES-INTL_722950,722950.0,1.0
90270,8,HAWTHORNE-NORTHROP-FLD_722956,722956.0,1.0
90272,6,SANTA-MONICA_722885,722885.0,1.0
90272,9,VAN-NUYS_722886,722886.0,1.0
90274,6,TORRANCE_722955,722955.0,1.0
90275,6,TORRANCE_722955,722955.0,1.0
90277,6,TORRANCE_722955,722955.0,1.0
90278,6,LOS-ANGELES-INTL_722950,722950.0,1.0
90278,8,HAWTHORNE-NORTHROP-FLD_722956,722956.0,1.0
90280,8,HAWTHORNE-NORTHROP-FLD_722956,722956.0,1.0
90290,6,SANTA-MONICA_722885,722885.0,1.0
90290,9,VAN-NUYS_722886,722886.0,1.0
90291,6,SANTA-MONICA_722885,722885.0,1.0
90292,6,SANTA-MONICA_722885,722885.0,1.0
90293,6,LOS-ANGELES-INTL_722950,722950.0,1.0
90301,6,LOS-ANGELES-INTL_722950,722950.0,1.0
90301,8,HAWTHORNE-NORTHROP-FLD_722956,722956.0,1.0
90302,6,LOS-ANGELES-INTL_722950,722950.0,1.0
90302,8,HAWTHORNE-NORTHROP-FLD_722956,722956.0,1.0
90303,8,HAWTHORNE-NORTHROP-FLD_722956,722956.0,1.0
90304,6,LOS-ANGELES-INTL_722950,722950.0,1.0
90304,8,HAWTHORNE-NORTHROP-FLD_722956,722956.0,1.0
90305,8,HAWTHORNE-NORTHROP-FLD_722956,722956.0,1.0
90401,6,SANTA-MONICA_722885,722885.0,1.0
90402,6,SANTA-MONICA_722885,722885.0,1.0
90403,6,SANTA-MONICA_722885,722885.0,1.0
90404,6,SANTA-MONICA_722885,722885.0,1.0
90405,6,SANTA-MONICA_722885,722885.0,1.0
90501,6,TORRANCE_722955,722955.0,1.0
90502,6,TORRANCE_722955,722955.0,1.0
90503,6,TORRANCE_722955,722955.0,1.0
90504,6,TORRANCE_722955,722955.0,1.0
90504,8,HAWTHORNE-NORTHROP-FLD_722956,722956.0,1.0
90505,6,TORRANCE_722955,722955.0,1.0
90506,8,HAWTHORNE-NORTHROP-FLD_722956,722956.0,1.0
90601,9,LOS-ANGELES-DOWNTOWN_722874,722874.0,1.0
90602,9,LOS-ANGELES-DOWNTOWN_722874,722874.0,1.0
90603,8,FULLERTON_722976,722976.0,1.0
90603,9,LOS-ANGELES-DOWNTOWN_722874,722874.0,1.0
90604,8,FULLERTON_722976,722976.0,1.0
90604,9,LOS-ANGELES-DOWNTOWN_722874,722874.0,1.0
90605,9,LOS-ANGELES-DOWNTOWN_722874,722874.0,1.0
90606,9,LOS-ANGELES-DOWNTOWN_722874,722874.0,1.0
90620,8,FULLERTON_722976,722976.0,1.0
90621,8,FULLERTON_722976,722976.0,1.0
90621,9,LOS-ANGELES-DOWNTOWN_722874,722874.0,1.0
90623,8,FULLERTON_722976,722976.0,1.0
90630,8,LOS-ALAMITOS_722975,722975.0,1.0
90631,8,FULLERTON_722976,722976.0,1.0
90631,9,LOS-ANGELES-DOWNTOWN_722874,722874.0,1.0
90638,8,FULLERTON_722976,722976.0,1.0
90638,9,LOS-ANGELES-DOWNTOWN_722874,722874.0,1.0
90639,9,LOS-ANGELES-DOWNTOWN_722874,722874.0,1.0
90640,9,LOS-ANGELES-DOWNTOWN_722874,722874.0,1.0
90650,8,FULLERTON_722976,722976.0,1.0
90650,9,LOS-ANGELES-DOWNTOWN_722874,722874.0,1.0
90660,9,LOS-ANGELES-DOWNTOWN_722874,722874.0,1.0
90670,8,FULLERTON_722976,722976.0,1.0
90670,9,LOS-ANGELES-DOWNTOWN_722874,722874.0,1.0
90680,6,TORRANCE_722955,722955.0,1.0
90680,8,LOS-ALAMITOS_722975,722975.0,1.0
90701,8,LONG-BEACH_722970,722970.0,1.0
90703,8,FULLERTON_722976,722976.0,1.0
90706,8,LONG-BEACH_722970,722970.0,1.0
90710,6,TORRANCE_722955,722955.0,1.0
90712,8,LONG-BEACH_722970,722970.0,1.0
90713,8,LONG-BEACH_722970,722970.0,1.0
90715,8,LOS-ALAMITOS_722975,722975.0,1.0
90716,8,LOS-ALAMITOS_722975,722975.0,1.0
90717,6,TORRANCE_722955,722955.0,1.0
90720,6,TORRANCE_722955,722955.0,1.0
90720,8,LOS-ALAMITOS_722975,722975.0,1.0
90723,8,LONG-BEACH_722970,722970.0,1.0
90731,6,TORRANCE_722955,722955.0,1.0
90732,6,TORRANCE_722955,722955.0,1.0
90740,6,TORRANCE_722955,722955.0,1.0
90740,8,LOS-ALAMITOS_722975,722975.0,1.0
90742,6,TORRANCE_722955,722955.0,1.0
90743,6,TORRANCE_722955,722955.0,1.0
90744,6,TORRANCE_722955,722955.0,1.0
90745,6,TORRANCE_722955,722955.0,1.0
90745,8,LONG-BEACH_722970,722970.0,1.0
90746,6,TORRANCE_722955,722955.0,1.0
90746,8,LONG-BEACH_722970,722970.0,1.0
90747,8,LONG-BEACH_722970,722970.0,1.0
90755,6,TORRANCE_722955,722955.0,1.0
90755,8,LONG-BEACH_722970,722970.0,1.0
90802,6,TORRANCE_722955,722955.0,1.0
90803,6,TORRANCE_722955,722955.0,1.0
90804,6,TORRANCE_722955,722955.0,1.0
90805,8,LONG-BEACH_722970,722970.0,1.0
90806,6,TORRANCE_722955,722955.0,1.0
90806,8,LONG-BEACH_722970,722970.0,1.0
90807,6,TORRANCE_722955,722955.0,1.0
90807,8,LONG-BEACH_722970,722970.0,1.0
90808,8,LONG-BEACH_722970,722970.0,1.0
90810,6,TORRANCE_722955,722955.0,1.0
90810,8,LONG-BEACH_722970,722970.0,1.0
90813,6,TORRANCE_722955,722955.0,1.0
90814,6,TORRANCE_722955,722955.0,1.0
90815,6,TORRANCE_722955,722955.0,1.0
90815,8,LONG-BEACH_722970,722970.0,1.0
90840,6,TORRANCE_722955,722955.0,1.0
91001,16,SANDBERG_723830,723830.0,1.0
91001,9,BURBANK-GLENDALE_722880,722880.0,1.0
91006,16,SANDBERG_723830,723830.0,1.0
91006,9,LOS-ANGELES-DOWNTOWN_722874,722874.0,1.0
91007,9,LOS-ANGELES-DOWNTOWN_722874,722874.0,1.0
91008,16,SANDBERG_723830,723830.0,1.0
91008,9,LOS-ANGELES-DOWNTOWN_722874,722874.0,1.0
91010,16,SANDBERG_723830,723830.0,1.0
91010,9,LOS-ANGELES-DOWNTOWN_722874,722874.0,1.0
91011,16,SANDBERG_723830,723830.0,1.0
91011,9,BURBANK-GLENDALE_722880,722880.0,1.0
91016,16,SANDBERG_723830,723830.0,1.0
91016,9,LOS-ANGELES-DOWNTOWN_722874,722874.0,1.0
91020,9,BURBANK-GLENDALE_722880,722880.0,1.0
91024,16,SANDBERG_723830,723830.0,1.0
91024,9,LOS-ANGELES-DOWNTOWN_722874,722874.0,1.0
91030,9,LOS-ANGELES-DOWNTOWN_722874,722874.0,1.0
91040,16,SANDBERG_723830,723830.0,1.0
91040,9,BURBANK-GLENDALE_722880,722880.0,1.0
91042,16,SANDBERG_723830,723830.0,1.0
91042,9,BURBANK-GLENDALE_722880,722880.0,1.0
91101,9,LOS-ANGELES-DOWNTOWN_722874,722874.0,1.0
91103,9,BURBANK-GLENDALE_722880,722880.0,1.0
91104,9,LOS-ANGELES-DOWNTOWN_722874,722874.0,1.0
91105,9,LOS-ANGELES-DOWNTOWN_722874,722874.0,1.0
91106,9,LOS-ANGELES-DOWNTOWN_722874,722874.0,1.0
91107,16,SANDBERG_723830,723830.0,1.0
91107,9,LOS-ANGELES-DOWNTOWN_722874,722874.0,1.0
91108,9,LOS-ANGELES-DOWNTOWN_722874,722874.0,1.0
91123,9,LOS-ANGELES-DOWNTOWN_722874,722874.0,1.0
91201,9,BURBANK-GLENDALE_722880,722880.0,1.0
91202,9,BURBANK-GLENDALE_722880,722880.0,1.0
91203,9,BURBANK-GLENDALE_722880,722880.0,1.0
91204,9,BURBANK-GLENDALE_722880,722880.0,1.0
91205,9,LOS-ANGELES-DOWNTOWN_722874,722874.0,1.0
91206,9,BURBANK-GLENDALE_722880,722880.0,1.0
91207,9,BURBANK-GLENDALE_722880,722880.0,1.0
91208,9,BURBANK-GLENDALE_722880,722880.0,1.0
91214,16,SANDBERG_723830,723830.0,1.0
91214,9,BURBANK-GLENDALE_722880,722880.0,1.0
91301,6,CAMARILLO_723926,723926.0,1.0
91301,9,VAN-NUYS_722886,722886.0,1.0
91302,6,SANTA-MONICA_722885,722885.0,1.0
91302,9,VAN-NUYS_722886,722886.0,1.0
91303,9,VAN-NUYS_722886,722886.0,1.0
91304,9,VAN-NUYS_722886,722886.0,1.0
91306,9,VAN-NUYS_722886,722886.0,1.0
91307,9,VAN-NUYS_722886,722886.0,1.0
91311,9,VAN-NUYS_722886,722886.0,1.0
91316,9,VAN-NUYS_722886,722886.0,1.0
91320,6,CAMARILLO_723926,723926.0,1.0
91320,9,VAN-NUYS_722886,722886.0,1.0
91321,16,SANDBERG_723830,723830.0,1.0
91321,9,VAN-NUYS_722886,722886.0,1.0
91324,9,VAN-NUYS_722886,722886.0,1.0
91325,9,VAN-NUYS_722886,722886.0,1.0
91326,9,VAN-NUYS_722886,722886.0,1.0
91330,9,VAN-NUYS_722886,722886.0,1.0
91331,9,VAN-NUYS_722886,722886.0,1.0
91335,9,VAN-NUYS_722886,722886.0,1.0
91340,9,VAN-NUYS_722886,722886.0,1.0
91342,14,PALMDALE_723820,723820.0,1.0
91342,16,SANDBERG_723830,723830.0,1.0
91342,9,VAN-NUYS_722886,722886.0,1.0
91343,9,VAN-NUYS_722886,722886.0,1.0
91344,9,VAN-NUYS_722886,722886.0,1.0
91345,9,VAN-NUYS_722886,722886.0,1.0
91350,16,SANDBERG_723830,723830.0,1.0
91350,9,VAN-NUYS_722886,722886.0,1.0
91351,16,SANDBERG_723830,723830.0,1.0
91351,9,VAN-NUYS_722886,722886.0,1.0
91352,9,BURBANK-GLENDALE_722880,722880.0,1.0
91354,9,VAN-NUYS_722886,722886.0,1.0
91355,9,VAN-NUYS_722886,722886.0,1.0
91356,9,VAN-NUYS_722886,722886.0,1.0
91360,9,VAN-NUYS_722886,722886.0,1.0
91361,6,CAMARILLO_723926,723926.0,1.0
91361,9,VAN-NUYS_722886,722886.0,1.0
91362,9,VAN-NUYS_722886,722886.0,1.0
91364,9,VAN-NUYS_722886,722886.0,1.0
91367,9,VAN-NUYS_722886,722886.0,1.0
91371,9,VAN-NUYS_722886,722886.0,1.0
91377,9,VAN-NUYS_722886,722886.0,1.0
91381,9,VAN-NUYS_722886,722886.0,1.0
91384,16,SANDBERG_723830,723830.0,1.0
91384,9,VAN-NUYS_722886,722886.0,1.0
91387,16,SANDBERG_723830,723830.0,1.0
91387,9,VAN-NUYS_722886,722886.0,1.0
91390,14,LANCASTER_723816,723816.0,1.0
91390,16,SANDBERG_723830,723830.0,1.0
91390,9,VAN-NUYS_722886,722886.0,1.0
91401,9,VAN-NUYS_722886,722886.0,1.0
91402,9,VAN-NUYS_722886,722886.0,1.0
91403,9,VAN-NUYS_722886,722886.0,1.0
91405,9,VAN-NUYS_722886,722886.0,1.0
91406,9,VAN-NUYS_722886,722886.0,1.0
91411,9,VAN-NUYS_722886,722886.0,1.0
91423,9,VAN-NUYS_722886,722886.0,1.0
91436,9,VAN-NUYS_722886,722886.0,1.0
91501,9,BURBANK-GLENDALE_722880,722880.0,1.0
91502,9,BURBANK-GLENDALE_722880,722880.0,1.0
91504,9,BURBANK-GLENDALE_722880,722880.0,1.0
91505,9,BURBANK-GLENDALE_722880,722880.0,1.0
91506,9,BURBANK-GLENDALE_722880,722880.0,1.0
91521,9,BURBANK-GLENDALE_722880,722880.0,1.0
91522,9,BURBANK-GLENDALE_722880,722880.0,1.0
91523,9,BURBANK-GLENDALE_722880,722880.0,1.0
91601,9,BURBANK-GLENDALE_722880,722880.0,1.0
91602,9,BURBANK-GLENDALE_722880,722880.0,1.0
91604,9,BURBANK-GLENDALE_722880,722880.0,1.0
91605,9,BURBANK-GLENDALE_722880,722880.0,1.0
91606,9,BURBANK-GLENDALE_722880,722880.0,1.0
91607,9,BURBANK-GLENDALE_722880,722880.0,1.0
91608,9,BURBANK-GLENDALE_722880,722880.0,1.0
91701,10,CHINO_722899,722899.0,1.0
91701,16,SANDBERG_723830,723830.0,1.0
91702,16,SANDBERG_723830,723830.0,1.0
91702,9,LOS-ANGELES-DOWNTOWN_722874,722874.0,1.0
91706,9,LOS-ANGELES-DOWNTOWN_722874,722874.0,1.0
91708,10,CHINO_722899,722899.0,1.0
91709,10,CHINO_722899,722899.0,1.0
91709,8,FULLERTON_722976,722976.0,1.0
91709,9,LOS-ANGELES-DOWNTOWN_722874,722874.0,1.0
91710,10,CHINO_722899,722899.0,1.0
91710,9,LOS-ANGELES-DOWNTOWN_722874,722874.0,1.0
91711,10,CHINO_722899,722899.0,1.0
91711,16,SANDBERG_723830,723830.0,1.0
91711,9,LOS-ANGELES-DOWNTOWN_722874,722874.0,1.0
91722,9,LOS-ANGELES-DOWNTOWN_722874,722874.0,1.0
91723,9,LOS-ANGELES-DOWNTOWN_722874,722874.0,1.0
91724,9,LOS-ANGELES-DOWNTOWN_722874,722874.0,1.0
91730,10,CHINO_722899,722899.0,1.0
91731,9,LOS-ANGELES-DOWNTOWN_722874,722874.0,1.0
91732,9,LOS-ANGELES-DOWNTOWN_722874,722874.0,1.0
91733,9,LOS-ANGELES-DOWNTOWN_722874,722874.0,1.0
91737,10,CHINO_722899,722899.0,1.0
91737,16,SANDBERG_723830,723830.0,1.0
91739,10,CHINO_722899,722899.0,1.0
91740,9,LOS-ANGELES-DOWNTOWN_722874,722874.0,1.0
91741,16,SANDBERG_723830,723830.0,1.0
91741,9,LOS-ANGELES-DOWNTOWN_722874,722874.0,1.0
91744,9,LOS-ANGELES-DOWNTOWN_722874,722874.0,1.0
91745,9,LOS-ANGELES-DOWNTOWN_722874,722874.0,1.0
91746,9,LOS-ANGELES-DOWNTOWN_722874,722874.0,1.0
91748,8,FULLERTON_722976,722976.0,1.0
91748,9,LOS-ANGELES-DOWNTOWN_722874,722874.0,1.0
91750,16,SANDBERG_723830,723830.0,1.0
91750,9,LOS-ANGELES-DOWNTOWN_722874,722874.0,1.0
91752,10,CHINO_722899,722899.0,1.0
91754,9,LOS-ANGELES-DOWNTOWN_722874,722874.0,1.0
91755,9,LOS-ANGELES-DOWNTOWN_722874,722874.0,1.0
91759,10,CHINO_722899,722899.0,1.0
91759,16,SANDBERG_723830,723830.0,1.0
91761,10,CHINO_722899,722899.0,1.0
91762,10,CHINO_722899,722899.0,1.0
91763,10,CHINO_722899,722899.0,1.0
91763,9,LOS-ANGELES-DOWNTOWN_722874,722874.0,1.0
91764,10,CHINO_722899,722899.0,1.0
91765,10,CHINO_722899,722899.0,1.0
91765,8,FULLERTON_722976,722976.0,1.0
91765,9,LOS-ANGELES-DOWNTOWN_722874,722874.0,1.0
91766,10,CHINO_722899,722899.0,1.0
91766,9,LOS-ANGELES-DOWNTOWN_722874,722874.0,1.0
91767,10,CHINO_722899,722899.0,1.0
91767,9,LOS-ANGELES-DOWNTOWN_722874,722874.0,1.0
91768,9,LOS-ANGELES-DOWNTOWN_722874,722874.0,1.0
91770,9,LOS-ANGELES-DOWNTOWN_722874,722874.0,1.0
91773,16,SANDBERG_723830,723830.0,1.0
91773,9,LOS-ANGELES-DOWNTOWN_722874,722874.0,1.0
91775,9,LOS-ANGELES-DOWNTOWN_722874,722874.0,1.0
91776,9,LOS-ANGELES-DOWNTOWN_722874,722874.0,1.0
91780,9,LOS-ANGELES-DOWNTOWN_722874,722874.0,1.0
91784,10,CHINO_722899,722899.0,1.0
91784,16,SANDBERG_723830,723830.0,1.0
91784,9,LOS-ANGELES-DOWNTOWN_722874,722874.0,1.0
91786,10,CHINO_722899,722899.0,1.0
91789,9,LOS-ANGELES-DOWNTOWN_722874,722874.0,1.0
91790,9,LOS-ANGELES-DOWNTOWN_722874,722874.0,1.0
91791,9,LOS-ANGELES-DOWNTOWN_722874,722874.0,1.0
91792,9,LOS-ANGELES-DOWNTOWN_722874,722874.0,1.0
91801,9,LOS-ANGELES-DOWNTOWN_722874,722874.0,1.0
91803,9,LOS-ANGELES-DOWNTOWN_722874,722874.0,1.0
91901,10,CAMP-PENDLETON_722926,722926.0,1.0
91901,14,TWENTYNINE-PALMS_690150,690150.0,1.0
91902,10,CAMP-PENDLETON_722926,722926.0,1.0
91902,7,IMPERIAL-BEACH_722909,722909.0,1.0
91905,14,TWENTYNINE-PALMS_690150,690150.0,1.0
91905,15,EL-CENTRO_722810,722810.0,1.0
91906,10,CAMP-PENDLETON_722926,722926.0,1.0
91906,14,TWENTYNINE-PALMS_690150,690150.0,1.0
91910,7,IMPERIAL-BEACH_722909,722909.0,1.0
91911,7,IMPERIAL-BEACH_722909,722909.0,1.0
91913,10,CAMP-PENDLETON_722926,722926.0,1.0
91913,7,IMPERIAL-BEACH_722909,722909.0,1.0
91914,10,CAMP-PENDLETON_722926,722926.0,1.0
91914,7,SAN-DIEGO-GILLESPIE_722907,722907.0,1.0
91915,10,CAMP-PENDLETON_722926,722926.0,1.0
91915,7,IMPERIAL-BEACH_722909,722909.0,1.0
91916,14,TWENTYNINE-PALMS_690150,690150.0,1.0
91917,10,CAMP-PENDLETON_722926,722926.0,1.0
91917,14,TWENTYNINE-PALMS_690150,690150.0,1.0
91932,7,IMPERIAL-BEACH_722909,722909.0,1.0
91934,14,TWENTYNINE-PALMS_690150,690150.0,1.0
91934,15,EL-CENTRO_722810,722810.0,1.0
91935,10,CAMP-PENDLETON_722926,722926.0,1.0
91935,14,TWENTYNINE-PALMS_690150,690150.0,1.0
91935,7,SAN-DIEGO-GILLESPIE_722907,722907.0,1.0
91941,10,CAMP-PENDLETON_722926,722926.0,1.0
91941,7,SAN-DIEGO-GILLESPIE_722907,722907.0,1.0
91942,10,CAMP-PENDLETON_722926,722926.0,1.0
91942,7,SAN-DIEGO-GILLESPIE_722907,722907.0,1.0
91945,7,SAN-DIEGO-GILLESPIE_722907,722907.0,1.0
91950,7,SAN-DIEGO-LINDBERGH_722900,722900.0,1.0
91962,14,TWENTYNINE-PALMS_690150,690150.0,1.0
91963,10,CAMP-PENDLETON_722926,722926.0,1.0
91963,14,TWENTYNINE-PALMS_690150,690150.0,1.0
91977,10,CAMP-PENDLETON_722926,722926.0,1.0
91977,7,SAN-DIEGO-GILLESPIE_722907,722907.0,1.0
91978,10,CAMP-PENDLETON_722926,722926.0,1.0
91980,10,CAMP-PENDLETON_722926,722926.0,1.0
91980,14,TWENTYNINE-PALMS_690150,690150.0,1.0
92003,10,CAMP-PENDLETON_722926,722926.0,1.0
92003,7,CARLSBAD_722927,722927.0,1.0
92004,14,TWENTYNINE-PALMS_690150,690150.0,1.0
92004,15,PALM-SPRINGS-THERMAL_747187,747187.0,1.0
92007,7,CARLSBAD_722927,722927.0,1.0
92008,7,CARLSBAD_722927,722927.0,1.0
92009,7,CARLSBAD_722927,722927.0,1.0
92010,7,CARLSBAD_722927,722927.0,1.0
92011,7,CARLSBAD_722927,722927.0,1.0
92014,7,CARLSBAD_722927,722927.0,1.0
92019,10,CAMP-PENDLETON_722926,722926.0,1.0
92020,10,CAMP-PENDLETON_722926,722926.0,1.0
92020,7,SAN-DIEGO-GILLESPIE_722907,722907.0,1.0
92021,10,CAMP-PENDLETON_722926,722926.0,1.0
92021,14,TWENTYNINE-PALMS_690150,690150.0,1.0
92024,10,CAMP-PENDLETON_722926,722926.0,1.0
92024,7,CARLSBAD_722927,722927.0,1.0
92025,10,CAMP-PENDLETON_722926,722926.0,1.0
92026,10,CAMP-PENDLETON_722926,722926.0,1.0
92027,10,CAMP-PENDLETON_722926,722926.0,1.0
92028,10,CAMP-PENDLETON_722926,722926.0,1.0
92028,7,CARLSBAD_722927,722927.0,1.0
92028,8,SANTA-ANA_722977,722977.0,1.0
92029,10,CAMP-PENDLETON_722926,722926.0,1.0
92029,7,CARLSBAD_722927,722927.0,1.0
92036,14,TWENTYNINE-PALMS_690150,690150.0,1.0
92036,15,EL-CENTRO_722810,722810.0,1.0
92037,7,SAN-DIEGO-MONTGOMER_722903,722903.0,1.0
92040,10,CAMP-PENDLETON_722926,722926.0,1.0
92040,14,TWENTYNINE-PALMS_690150,690150.0,1.0
92054,7,CARLSBAD_722927,722927.0,1.0
92055,10,CAMP-PENDLETON_722926,722926.0,1.0
92055,7,CARLSBAD_722927,722927.0,1.0
92055,8,SANTA-ANA_722977,722977.0,1.0
92056,7,CARLSBAD_722927,722927.0,1.0
92057,10,CAMP-PENDLETON_722926,722926.0,1.0
92057,7,CARLSBAD_722927,722927.0,1.0
92058,7,CARLSBAD_722927,722927.0,1.0
92059,10,CAMP-PENDLETON_722926,722926.0,1.0
92059,14,TWENTYNINE-PALMS_690150,690150.0,1.0
92061,10,CAMP-PENDLETON_722926,722926.0,1.0
92061,14,TWENTYNINE-PALMS_690150,690150.0,1.0
92064,10,CAMP-PENDLETON_722926,722926.0,1.0
92065,10,CAMP-PENDLETON_722926,722926.0,1.0
92065,14,TWENTYNINE-PALMS_690150,690150.0,1.0
92066,14,TWENTYNINE-PALMS_690150,690150.0,1.0
92066,15,PALM-SPRINGS-THERMAL_747187,747187.0,1.0
92067,10,CAMP-PENDLETON_722926,722926.0,1.0
92067,7,CARLSBAD_722927,722927.0,1.0
92069,10,CAMP-PENDLETON_722926,722926.0,1.0
92070,10,CAMP-PENDLETON_722926,722926.0,1.0
92070,14,TWENTYNINE-PALMS_690150,690150.0,1.0
92071,10,CAMP-PENDLETON_722926,722926.0,1.0
92071,7,SAN-DIEGO-GILLESPIE_722907,722907.0,1.0
92075,7,CARLSBAD_722927,722927.0,1.0
92078,10,CAMP-PENDLETON_722926,722926.0,1.0
92078,7,CARLSBAD_722927,722927.0,1.0
92081,10,CAMP-PENDLETON_722926,722926.0,1.0
92081,7,CARLSBAD_722927,722927.0,1.0
92082,10,CAMP-PENDLETON_722926,722926.0,1.0
92082,14,TWENTYNINE-PALMS_690150,690150.0,1.0
92083,10,CAMP-PENDLETON_722926,722926.0,1.0
92083,7,CARLSBAD_722927,722927.0,1.0
92084,10,CAMP-PENDLETON_722926,722926.0,1.0
92084,7,CARLSBAD_722927,722927.0,1.0
92086,14,TWENTYNINE-PALMS_690150,690150.0,1.0
92086,15,PALM-SPRINGS-THERMAL_747187,747187.0,1.0
92091,10,CAMP-PENDLETON_722926,722926.0,1.0
92091,7,CARLSBAD_722927,722927.0,1.0
92096,10,CAMP-PENDLETON_722926,722926.0,1.0
92101,7,SAN-DIEGO-LINDBERGH_722900,722900.0,1.0
92102,7,SAN-DIEGO-LINDBERGH_722900,722900.0,1.0
92103,7,SAN-DIEGO-LINDBERGH_722900,722900.0,1.0
92104,7,SAN-DIEGO-LINDBERGH_722900,722900.0,1.0
92105,7,SAN-DIEGO-LINDBERGH_722900,722900.0,1.0
92106,7,SAN-DIEGO-NORTH-IS_722906,722906.0,1.0
92107,7,SAN-DIEGO-NORTH-IS_722906,722906.0,1.0
92108,7,SAN-DIEGO-MONTGOMER_722903,722903.0,1.0
92109,7,SAN-DIEGO-LINDBERGH_722900,722900.0,1.0
92110,7,SAN-DIEGO-LINDBERGH_722900,722900.0,1.0
92111,7,SAN-DIEGO-MONTGOMER_722903,722903.0,1.0
92113,7,SAN-DIEGO-LINDBERGH_722900,722900.0,1.0
92114,7,SAN-DIEGO-LINDBERGH_722900,722900.0,1.0
92115,7,SAN-DIEGO-MONTGOMER_722903,722903.0,1.0
92116,7,SAN-DIEGO-LINDBERGH_722900,722900.0,1.0
92117,7,SAN-DIEGO-MONTGOMER_722903,722903.0,1.0
92118,7,SAN-DIEGO-NORTH-IS_722906,722906.0,1.0
92119,10,CAMP-PENDLETON_722926,722926.0,1.0
92119,7,SAN-DIEGO-GILLESPIE_722907,722907.0,1.0
92120,10,CAMP-PENDLETON_722926,722926.0,1.0
92120,7,SAN-DIEGO-MONTGOMER_722903,722903.0,1.0
92121,7,SAN-DIEGO-MONTGOMER_722903,722903.0,1.0
92122,7,SAN-DIEGO-MONTGOMER_722903,722903.0,1.0
92123,7,SAN-DIEGO-MONTGOMER_722903,722903.0,1.0
92124,10,CAMP-PENDLETON_722926,722926.0,1.0
92124,7,SAN-DIEGO-MONTGOMER_722903,722903.0,1.0
92126,7,SAN-DIEGO-MONTGOMER_722903,722903.0,1.0
92127,10,CAMP-PENDLETON_722926,722926.0,1.0
92127,7,CARLSBAD_722927,722927.0,1.0
92128,10,CAMP-PENDLETON_722926,722926.0,1.0
92128,7,SAN-DIEGO-MONTGOMER_722903,722903.0,1.0
92129,10,CAMP-PENDLETON_722926,722926.0,1.0
92129,7,SAN-DIEGO-MONTGOMER_722903,722903.0,1.0
92130,7,SAN-DIEGO-MONTGOMER_722903,722903.0,1.0
92131,10,CAMP-PENDLETON_722926,722926.0,1.0
92131,7,SAN-DIEGO-MONTGOMER_722903,722903.0,1.0
92133,7,SAN-DIEGO-NORTH-IS_722906,722906.0,1.0
92134,7,SAN-DIEGO-LINDBERGH_722900,722900.0,1.0
92135,7,SAN-DIEGO-NORTH-IS_722906,722906.0,1.0
92136,7,SAN-DIEGO-LINDBERGH_722900,722900.0,1.0
92139,7,SAN-DIEGO-LINDBERGH_722900,722900.0,1.0
92140,7,SAN-DIEGO-LINDBERGH_722900,722900.0,1.0
92145,10,CAMP-PENDLETON_722926,722926.0,1.0
92145,7,SAN-DIEGO-MONTGOMER_722903,722903.0,1.0
92152,7,SAN-DIEGO-NORTH-IS_722906,722906.0,1.0
92154,10,CAMP-PENDLETON_722926,722926.0,1.0
92154,7,IMPERIAL-BEACH_722909,722909.0,1.0
92155,7,SAN-DIEGO-NORTH-IS_722906,722906.0,1.0
92173,7,IMPERIAL-BEACH_722909,722909.0,1.0
92182,7,SAN-DIEGO-MONTGOMER_722903,722903.0,1.0
92201,15,PALM-SPRINGS-THERMAL_747187,747187.0,1.0
92203,15,PALM-SPRINGS-THERMAL_747187,747187.0,1.0
92210,15,PALM-SPRINGS-THERMAL_747187,747187.0,1.0
92211,15,PALM-SPRINGS-INTL_722868,722868.0,1.0
92220,10,RIVERSIDE-MARCH-AFB_722860,722860.0,1.0
92220,14,TWENTYNINE-PALMS_690150,690150.0,1.0
92220,15,PALM-SPRINGS-INTL_722868,722868.0,1.0
92220,16,SANDBERG_723830,723830.0,1.0
92223,10,RIVERSIDE-MARCH-AFB_722860,722860.0,1.0
92223,16,SANDBERG_723830,723830.0,1.0
92225,15,BLYTHE-RIVERSIDE-CO_747188,747188.0,1.0
92227,15,IMPERIAL_747185,747185.0,1.0
92230,15,PALM-SPRINGS-INTL_722868,722868.0,1.0
92230,16,SANDBERG_723830,723830.0,1.0
92231,15,IMPERIAL_747185,747185.0,1.0
92233,15,IMPERIAL_747185,747185.0,1.0
92234,15,PALM-SPRINGS-INTL_722868,722868.0,1.0
92236,15,PALM-SPRINGS-THERMAL_747187,747187.0,1.0
92239,14,TWENTYNINE-PALMS_690150,690150.0,1.0
92239,15,BLYTHE-RIVERSIDE-CO_747188,747188.0,1.0
92240,14,TWENTYNINE-PALMS_690150,690150.0,1.0
92240,15,PALM-SPRINGS-INTL_722868,722868.0,1.0
92241,14,TWENTYNINE-PALMS_690150,690150.0,1.0
92241,15,PALM-SPRINGS-INTL_722868,722868.0,1.0
92242,15,BLYTHE-RIVERSIDE-CO_747188,747188.0,1.0
92243,15,IMPERIAL_747185,747185.0,1.0
92249,15,IMPERIAL_747185,747185.0,1.0
92250,15,IMPERIAL_747185,747185.0,1.0
92251,15,EL-CENTRO_722810,722810.0,1.0
92252,14,TWENTYNINE-PALMS_690150,690150.0,1.0
92253,15,PALM-SPRINGS-THERMAL_747187,747187.0,1.0
92254,14,TWENTYNINE-PALMS_690150,690150.0,1.0
92254,15,PALM-SPRINGS-THERMAL_747187,747187.0,1.0
92256,14,TWENTYNINE-PALMS_690150,690150.0,1.0
92256,15,PALM-SPRINGS-INTL_722868,722868.0,1.0
92256,16,SANDBERG_723830,723830.0,1.0
92257,15,IMPERIAL_747185,747185.0,1.0
92259,15,EL-CENTRO_722810,722810.0,1.0
92260,15,PALM-SPRINGS-INTL_722868,722868.0,1.0
92260,16,SANDBERG_723830,723830.0,1.0
92262,15,PALM-SPRINGS-INTL_722868,722868.0,1.0
92264,15,PALM-SPRINGS-INTL_722868,722868.0,1.0
92264,16,SANDBERG_723830,723830.0,1.0
92267,15,NEEDLES_723805,723805.0,1.0
92270,15,PALM-SPRINGS-INTL_722868,722868.0,1.0
92274,15,PALM-SPRINGS-THERMAL_747187,747187.0,1.0
92276,15,PALM-SPRINGS-INTL_722868,722868.0,1.0
92277,14,TWENTYNINE-PALMS_690150,690150.0,1.0
92277,15,PALM-SPRINGS-THERMAL_747187,747187.0,1.0
92278,14,TWENTYNINE-PALMS_690150,690150.0,1.0
92278,15,PALM-SPRINGS-INTL_722868,722868.0,1.0
92280,14,TWENTYNINE-PALMS_690150,690150.0,1.0
92280,15,BLYTHE-RIVERSIDE-CO_747188,747188.0,1.0
92281,15,IMPERIAL_747185,747185.0,1.0
92282,14,TWENTYNINE-PALMS_690150,690150.0,1.0
92282,15,PALM-SPRINGS-INTL_722868,722868.0,1.0
92282,16,SANDBERG_723830,723830.0,1.0
92283,14,TWENTYNINE-PALMS_690150,690150.0,1.0
92283,15,IMPERIAL_747185,747185.0,1.0
92284,14,TWENTYNINE-PALMS_690150,690150.0,1.0
92285,14,TWENTYNINE-PALMS_690150,690150.0,1.0
92285,16,SANDBERG_723830,723830.0,1.0
92301,14,EDWARDS-AFB_723810,723810.0,1.0
92304,14,TWENTYNINE-PALMS_690150,690150.0,1.0
92304,15,NEEDLES_723805,723805.0,1.0
92305,14,TWENTYNINE-PALMS_690150,690150.0,1.0
92305,16,SANDBERG_723830,723830.0,1.0
92307,14,DAGGETT-BARSTOW_723815,723815.0,1.0
92308,14,DAGGETT-BARSTOW_723815,723815.0,1.0
92308,16,SANDBERG_723830,723830.0,1.0
92309,14,DAGGETT-BARSTOW_723815,723815.0,1.0
92310,14,DAGGETT-BARSTOW_723815,723815.0,1.0
92311,14,DAGGETT-BARSTOW_723815,723815.0,1.0
92313,10,RIVERSIDE_722869,722869.0,1.0
92314,14,TWENTYNINE-PALMS_690150,690150.0,1.0
92314,16,SANDBERG_723830,723830.0,1.0
92315,16,SANDBERG_723830,723830.0,1.0
92316,10,RIVERSIDE_722869,722869.0,1.0
92317,16,SANDBERG_723830,723830.0,1.0
92320,10,RIVERSIDE-MARCH-AFB_722860,722860.0,1.0
92321,16,SANDBERG_723830,723830.0,1.0
92322,16,SANDBERG_723830,723830.0,1.0
92324,10,RIVERSIDE-MARCH-AFB_722860,722860.0,1.0
92325,16,SANDBERG_723830,723830.0,1.0
92327,14,DAGGETT-BARSTOW_723815,723815.0,1.0
92328,14,CHINA-LAKE_746120,746120.0,1.0
92328,16,BISHOP_724800,724800.0,1.0
92332,14,TWENTYNINE-PALMS_690150,690150.0,1.0
92332,15,NEEDLES_723805,723805.0,1.0
92335,10,RIVERSIDE_722869,722869.0,1.0
92336,10,RIVERSIDE_722869,722869.0,1.0
92336,16,SANDBERG_723830,723830.0,1.0
92337,10,RIVERSIDE_722869,722869.0,1.0
92338,14,TWENTYNINE-PALMS_690150,690150.0,1.0
92338,15,PALM-SPRINGS-INTL_722868,722868.0,1.0
92339,14,TWENTYNINE-PALMS_690150,690150.0,1.0
92339,16,SANDBERG_723830,723830.0,1.0
92342,14,EDWARDS-AFB_723810,723810.0,1.0
92344,14,PALMDALE_723820,723820.0,1.0
92344,16,SANDBERG_723830,723830.0,1.0
92345,14,DAGGETT-BARSTOW_723815,723815.0,1.0
92345,16,SANDBERG_723830,723830.0,1.0
92346,10,RIVERSIDE-MARCH-AFB_722860,722860.0,1.0
92346,16,SANDBERG_723830,723830.0,1.0
92347,14,DAGGETT-BARSTOW_723815,723815.0,1.0
92350,10,RIVERSIDE_722869,722869.0,1.0
92352,16,SANDBERG_723830,723830.0,1.0
92354,10,RIVERSIDE-MARCH-AFB_722860,722860.0,1.0
92356,14,DAGGETT-BARSTOW_723815,723815.0,1.0
92356,16,SANDBERG_723830,723830.0,1.0
92358,16,SANDBERG_723830,723830.0,1.0
92359,10,RIVERSIDE-MARCH-AFB_722860,722860.0,1.0
92359,16,SANDBERG_723830,723830.0,1.0
92363,14,TWENTYNINE-PALMS_690150,690150.0,1.0
92363,15,NEEDLES_723805,723805.0,1.0
92364,14,DAGGETT-BARSTOW_723815,723815.0,1.0
92365,14,DAGGETT-BARSTOW_723815,723815.0,1.0
92368,14,DAGGETT-BARSTOW_723815,723815.0,1.0
92371,14,PALMDALE_723820,723820.0,1.0
92371,16,SANDBERG_723830,723830.0,1.0
92372,14,PALMDALE_723820,723820.0,1.0
92373,10,RIVERSIDE-MARCH-AFB_722860,722860.0,1.0
92374,10,RIVERSIDE-MARCH-AFB_722860,722860.0,1.0
92376,10,RIVERSIDE_722869,722869.0,1.0
92377,10,RIVERSIDE_722869,722869.0,1.0
92382,16,SANDBERG_723830,723830.0,1.0
92384,14,DAGGETT-BARSTOW_723815,723815.0,1.0
92385,16,SANDBERG_723830,723830.0,1.0
92389,14,DAGGETT-BARSTOW_723815,723815.0,1.0
92392,14,EDWARDS-AFB_723810,723810.0,1.0
92394,14,DAGGETT-BARSTOW_723815,723815.0,1.0
92395,14,EDWARDS-AFB_723810,723810.0,1.0
92397,14,PALMDALE_723820,723820.0,1.0
92397,16,SANDBERG_723830,723830.0,1.0
92399,10,RIVERSIDE-MARCH-AFB_722860,722860.0,1.0
92399,16,SANDBERG_723830,723830.0,1.0
92401,10,RIVERSIDE_722869,722869.0,1.0
92404,10,RIVERSIDE_722869,722869.0,1.0
92404,16,SANDBERG_723830,723830.0,1.0
92405,10,RIVERSIDE_722869,722869.0,1.0
92407,10,RIVERSIDE_722869,722869.0,1.0
92407,14,PALMDALE_723820,723820.0,1.0
92407,16,SANDBERG_723830,723830.0,1.0
92408,10,RIVERSIDE_722869,722869.0,1.0
92410,10,RIVERSIDE_722869,722869.0,1.0
92411,10,RIVERSIDE_722869,722869.0,1.0
92501,10,RIVERSIDE_722869,722869.0,1.0
92503,10,RIVERSIDE_722869,722869.0,1.0
92504,10,RIVERSIDE_722869,722869.0,1.0
92505,10,RIVERSIDE_722869,722869.0,1.0
92506,10,RIVERSIDE_722869,722869.0,1.0
92507,10,RIVERSIDE_722869,722869.0,1.0
92508,10,RIVERSIDE-MARCH-AFB_722860,722860.0,1.0
92509,10,RIVERSIDE_722869,722869.0,1.0
92518,10,RIVERSIDE-MARCH-AFB_722860,722860.0,1.0
92521,10,RIVERSIDE_722869,722869.0,1.0
92530,10,RIVERSIDE-MARCH-AFB_722860,722860.0,1.0
92530,7,CARLSBAD_722927,722927.0,1.0
92530,8,SANTA-ANA_722977,722977.0,1.0
92532,10,RIVERSIDE-MARCH-AFB_722860,722860.0,1.0
92536,10,CAMP-PENDLETON_722926,722926.0,1.0
92536,14,TWENTYNINE-PALMS_690150,690150.0,1.0
92536,15,PALM-SPRINGS-INTL_722868,722868.0,1.0
92536,16,SANDBERG_723830,723830.0,1.0
92539,10,RIVERSIDE-MARCH-AFB_722860,722860.0,1.0
92539,14,TWENTYNINE-PALMS_690150,690150.0,1.0
92539,15,PALM-SPRINGS-INTL_722868,722868.0,1.0
92539,16,SANDBERG_723830,723830.0,1.0
92543,10,RIVERSIDE-MARCH-AFB_722860,722860.0,1.0
92544,10,RIVERSIDE-MARCH-AFB_722860,722860.0,1.0
92544,16,SANDBERG_723830,723830.0,1.0
92545,10,RIVERSIDE-MARCH-AFB_722860,722860.0,1.0
92548,10,RIVERSIDE-MARCH-AFB_722860,722860.0,1.0
92549,10,RIVERSIDE-MARCH-AFB_722860,722860.0,1.0
92549,15,PALM-SPRINGS-INTL_722868,722868.0,1.0
92549,16,SANDBERG_723830,723830.0,1.0
92551,10,RIVERSIDE-MARCH-AFB_722860,722860.0,1.0
92553,10,RIVERSIDE-MARCH-AFB_722860,722860.0,1.0
92555,10,RIVERSIDE-MARCH-AFB_722860,722860.0,1.0
92557,10,RIVERSIDE-MARCH-AFB_722860,722860.0,1.0
92561,14,TWENTYNINE-PALMS_690150,690150.0,1.0
92561,15,PALM-SPRINGS-INTL_722868,722868.0,1.0
92561,16,SANDBERG_723830,723830.0,1.0
92562,10,CAMP-PENDLETON_722926,722926.0,1.0
92562,7,CARLSBAD_722927,722927.0,1.0
92563,10,RIVERSIDE-MARCH-AFB_722860,722860.0,1.0
92567,10,RIVERSIDE-MARCH-AFB_722860,722860.0,1.0
92570,10,RIVERSIDE-MARCH-AFB_722860,722860.0,1.0
92571,10,RIVERSIDE-MARCH-AFB_722860,722860.0,1.0
92582,10,RIVERSIDE-MARCH-AFB_722860,722860.0,1.0
92583,10,RIVERSIDE-MARCH-AFB_722860,722860.0,1.0
92584,10,RIVERSIDE-MARCH-AFB_722860,722860.0,1.0
92585,10,RIVERSIDE-MARCH-AFB_722860,722860.0,1.0
92586,10,RIVERSIDE-MARCH-AFB_722860,722860.0,1.0
92587,10,RIVERSIDE-MARCH-AFB_722860,722860.0,1.0
92590,10,CAMP-PENDLETON_722926,722926.0,1.0
92591,10,CAMP-PENDLETON_722926,722926.0,1.0
92592,10,CAMP-PENDLETON_722926,722926.0,1.0
92592,14,TWENTYNINE-PALMS_690150,690150.0,1.0
92595,10,RIVERSIDE-MARCH-AFB_722860,722860.0,1.0
92596,10,RIVERSIDE-MARCH-AFB_722860,722860.0,1.0
92602,8,SANTA-ANA_722977,722977.0,1.0
92603,6,TORRANCE_722955,722955.0,1.0
92603,8,SANTA-ANA_722977,722977.0,1.0
92604,8,SANTA-ANA_722977,722977.0,1.0
92606,8,SANTA-ANA_722977,722977.0,1.0
92610,8,SANTA-ANA_722977,722977.0,1.0
92612,6,TORRANCE_722955,722955.0,1.0
92612,8,SANTA-ANA_722977,722977.0,1.0
92614,6,TORRANCE_722955,722955.0,1.0
92614,8,SANTA-ANA_722977,722977.0,1.0
92617,6,TORRANCE_722955,722955.0,1.0
92617,8,SANTA-ANA_722977,722977.0,1.0
92618,8,SANTA-ANA_722977,722977.0,1.0
92620,8,SANTA-ANA_722977,722977.0,1.0
92624,6,TORRANCE_722955,722955.0,1.0
92625,6,TORRANCE_722955,722955.0,1.0
92626,6,TORRANCE_722955,722955.0,1.0
92626,8,SANTA-ANA_722977,722977.0,1.0
92627,6,TORRANCE_722955,722955.0,1.0
92629,6,TORRANCE_722955,722955.0,1.0
92630,8,SANTA-ANA_722977,722977.0,1.0
92637,6,TORRANCE_722955,722955.0,1.0
92637,8,SANTA-ANA_722977,722977.0,1.0
92646,6,TORRANCE_722955,722955.0,1.0
92647,6,TORRANCE_722955,722955.0,1.0
92648,6,TORRANCE_722955,722955.0,1.0
92649,6,TORRANCE_722955,722955.0,1.0
92651,6,TORRANCE_722955,722955.0,1.0
92651,8,SANTA-ANA_722977,722977.0,1.0
92653,6,TORRANCE_722955,722955.0,1.0
92653,8,SANTA-ANA_722977,722977.0,1.0
92655,6,TORRANCE_722955,722955.0,1.0
92656,6,TORRANCE_722955,722955.0,1.0
92656,8,SANTA-ANA_722977,722977.0,1.0
92657,6,TORRANCE_722955,722955.0,1.0
92660,6,TORRANCE_722955,722955.0,1.0
92660,8,SANTA-ANA_722977,722977.0,1.0
92661,6,TORRANCE_722955,722955.0,1.0
92662,6,TORRANCE_722955,722955.0,1.0
92663,6,TORRANCE_722955,722955.0,1.0
92672,6,TORRANCE_722955,722955.0,1.0
92672,7,CARLSBAD_722927,722927.0,1.0
92672,8,SANTA-ANA_722977,722977.0,1.0
92673,6,TORRANCE_722955,722955.0,1.0
92673,8,SANTA-ANA_722977,722977.0,1.0
92675,10,CAMP-PENDLETON_722926,722926.0,1.0
92675,6,TORRANCE_722955,722955.0,1.0
92675,7,CARLSBAD_722927,722927.0,1.0
92675,8,SANTA-ANA_722977,722977.0,1.0
92676,10,CHINO_722899,722899.0,1.0
92676,8,SANTA-ANA_722977,722977.0,1.0
92677,6,TORRANCE_722955,722955.0,1.0
92679,10,RIVERSIDE_722869,722869.0,1.0
92679,8,SANTA-ANA_722977,722977.0,1.0
92683,6,TORRANCE_722955,722955.0,1.0
92683,8,LOS-ALAMITOS_722975,722975.0,1.0
92688,8,SANTA-ANA_722977,722977.0,1.0
92691,6,TORRANCE_722955,722955.0,1.0
92691,8,SANTA-ANA_722977,722977.0,1.0
92692,6,TORRANCE_722955,722955.0,1.0
92692,8,SANTA-ANA_722977,722977.0,1.0
92694,8,SANTA-ANA_722977,722977.0,1.0
92697,6,TORRANCE_722955,722955.0,1.0
92701,8,SANTA-ANA_722977,722977.0,1.0
92703,6,TORRANCE_722955,722955.0,1.0
92703,8,SANTA-ANA_722977,722977.0,1.0
92704,6,TORRANCE_722955,722955.0,1.0
92704,8,SANTA-ANA_722977,722977.0,1.0
92705,8,SANTA-ANA_722977,722977.0,1.0
92706,8,SANTA-ANA_722977,722977.0,1.0
92707,6,TORRANCE_722955,722955.0,1.0
92707,8,SANTA-ANA_722977,722977.0,1.0
92708,6,TORRANCE_722955,722955.0,1.0
92708,8,SANTA-ANA_722977,722977.0,1.0
92780,8,SANTA-ANA_722977,722977.0,1.0
92782,8,SANTA-ANA_722977,722977.0,1.0
92801,8,FULLERTON_722976,722976.0,1.0
92802,8,FULLERTON_722976,722976.0,1.0
92804,8,FULLERTON_722976,722976.0,1.0
92805,8,FULLERTON_722976,722976.0,1.0
92806,8,FULLERTON_722976,722976.0,1.0
92807,8,FULLERTON_722976,722976.0,1.0
92808,8,FULLERTON_722976,722976.0,1.0
92821,8,FULLERTON_722976,722976.0,1.0
92821,9,LOS-ANGELES-DOWNTOWN_722874,722874.0,1.0
92823,10,CHINO_722899,722899.0,1.0
92823,8,FULLERTON_722976,722976.0,1.0
92823,9,LOS-ANGELES-DOWNTOWN_722874,722874.0,1.0
92831,8,FULLERTON_722976,722976.0,1.0
92832,8,FULLERTON_722976,722976.0,1.0
92833,8,FULLERTON_722976,722976.0,1.0
92833,9,LOS-ANGELES-DOWNTOWN_722874,722874.0,1.0
92835,8,FULLERTON_722976,722976.0,1.0
92840,8,LOS-ALAMITOS_722975,722975.0,1.0
92841,6,TORRANCE_722955,722955.0,1.0
92841,8,LOS-ALAMITOS_722975,722975.0,1.0
92843,6,TORRANCE_722955,722955.0,1.0
92843,8,LOS-ALAMITOS_722975,722975.0,1.0
92844,6,TORRANCE_722955,722955.0,1.0
92844,8,LOS-ALAMITOS_722975,722975.0,1.0
92845,6,TORRANCE_722955,722955.0,1.0
92845,8,LOS-ALAMITOS_722975,722975.0,1.0
92860,10,CHINO_722899,722899.0,1.0
92861,8,FULLERTON_722976,722976.0,1.0
92862,8,SANTA-ANA_722977,722977.0,1.0
92865,8,FULLERTON_722976,722976.0,1.0
92866,8,SANTA-ANA_722977,722977.0,1.0
92867,8,SANTA-ANA_722977,722977.0,1.0
92868,8,SANTA-ANA_722977,722977.0,1.0
92869,8,SANTA-ANA_722977,722977.0,1.0
92870,8,FULLERTON_722976,722976.0,1.0
92879,10,RIVERSIDE_722869,722869.0,1.0
92880,10,CHINO_722899,722899.0,1.0
92880,8,FULLERTON_722976,722976.0,1.0
92881,10,RIVERSIDE_722869,722869.0,1.0
92882,10,CHINO_722899,722899.0,1.0
92882,8,SANTA-ANA_722977,722977.0,1.0
92883,10,RIVERSIDE_722869,722869.0,1.0
92883,8,SANTA-ANA_722977,722977.0,1.0
92886,10,CHINO_722899,722899.0,1.0
92886,8,FULLERTON_722976,722976.0,1.0
92887,10,CHINO_722899,722899.0,1.0
92887,8,FULLERTON_722976,722976.0,1.0
93001,6,OXNARD_723927,723927.0,1.0
93001,9,VAN-NUYS_722886,722886.0,1.0
93003,6,OXNARD_723927,723927.0,1.0
93003,9,VAN-NUYS_722886,722886.0,1.0
93004,6,OXNARD_723927,723927.0,1.0
93004,9,VAN-NUYS_722886,722886.0,1.0
93010,6,CAMARILLO_723926,723926.0,1.0
93012,6,CAMARILLO_723926,723926.0,1.0
93012,9,VAN-NUYS_722886,722886.0,1.0
93013,5,LOMPOC_722895,722895.0,1.0
93013,6,SANTA-BARBARA_723925,723925.0,1.0
93013,9,VAN-NUYS_722886,722886.0,1.0
93015,16,SANDBERG_723830,723830.0,1.0
93015,9,VAN-NUYS_722886,722886.0,1.0
93021,6,CAMARILLO_723926,723926.0,1.0
93021,9,VAN-NUYS_722886,722886.0,1.0
93022,9,VAN-NUYS_722886,722886.0,1.0
93023,16,SANDBERG_723830,723830.0,1.0
93023,5,LOMPOC_722895,722895.0,1.0
93023,6,OXNARD_723927,723927.0,1.0
93023,9,VAN-NUYS_722886,722886.0,1.0
93030,6,OXNARD_723927,723927.0,1.0
93033,6,POINT-MUGU_723910,723910.0,1.0
93035,6,OXNARD_723927,723927.0,1.0
93036,6,OXNARD_723927,723927.0,1.0
93041,6,POINT-MUGU_723910,723910.0,1.0
93042,6,POINT-MUGU_723910,723910.0,1.0
93043,6,OXNARD_723927,723927.0,1.0
93060,16,SANDBERG_723830,723830.0,1.0
93060,6,CAMARILLO_723926,723926.0,1.0
93060,9,VAN-NUYS_722886,722886.0,1.0
93063,9,VAN-NUYS_722886,722886.0,1.0
93065,9,VAN-NUYS_722886,722886.0,1.0
93066,6,CAMARILLO_723926,723926.0,1.0
93066,9,VAN-NUYS_722886,722886.0,1.0
93067,6,SANTA-BARBARA_723925,723925.0,1.0
93101,6,SANTA-BARBARA_723925,723925.0,1.0
93103,6,SANTA-BARBARA_723925,723925.0,1.0
93105,16,SANDBERG_723830,723830.0,1.0
93105,5,LOMPOC_722895,722895.0,1.0
93105,6,SANTA-BARBARA_723925,723925.0,1.0
93106,6,SANTA-BARBARA_723925,723925.0,1.0
93108,16,SANDBERG_723830,723830.0,1.0
93108,5,LOMPOC_722895,722895.0,1.0
93108,6,SANTA-BARBARA_723925,723925.0,1.0
93108,9,VAN-NUYS_722886,722886.0,1.0
93109,6,SANTA-BARBARA_723925,723925.0,1.0
93110,6,SANTA-BARBARA_723925,723925.0,1.0
93111,5,LOMPOC_722895,722895.0,1.0
93111,6,SANTA-BARBARA_723925,723925.0,1.0
93117,5,LOMPOC_722895,722895.0,1.0
93117,6,SANTA-BARBARA_723925,723925.0,1.0
93202,13,LEMOORE_747020,747020.0,1.0
93203,13,BAKERSFIELD_723840,723840.0,1.0
93203,16,SANDBERG_723830,723830.0,1.0
93204,13,LEMOORE_747020,747020.0,1.0
93204,4,PASO-ROBLES_723965,723965.0,1.0
93205,16,SANDBERG_723830,723830.0,1.0
93206,13,BAKERSFIELD_723840,723840.0,1.0
93207,13,PORTERVILLE_723895,723895.0,1.0
93207,16,SANDBERG_723830,723830.0,1.0
93210,13,LEMOORE_747020,747020.0,1.0
93210,4,PASO-ROBLES_723965,723965.0,1.0
93212,13,VISALIA_723896,723896.0,1.0
93215,13,PORTERVILLE_723895,723895.0,1.0
93219,13,PORTERVILLE_723895,723895.0,1.0
93221,13,PORTERVILLE_723895,723895.0,1.0
93223,13,VISALIA_723896,723896.0,1.0
93224,13,BAKERSFIELD_723840,723840.0,1.0
93224,4,PASO-ROBLES_723965,723965.0,1.0
93225,13,BAKERSFIELD_723840,723840.0,1.0
93225,16,SANDBERG_723830,723830.0,1.0
93226,13,BAKERSFIELD_723840,723840.0,1.0
93226,16,SANDBERG_723830,723830.0,1.0
93230,13,VISALIA_723896,723896.0,1.0
93234,13,LEMOORE_747020,747020.0,1.0
93235,13,VISALIA_723896,723896.0,1.0
93238,16,SANDBERG_723830,723830.0,1.0
93239,13,LEMOORE_747020,747020.0,1.0
93240,16,SANDBERG_723830,723830.0,1.0
93241,13,BAKERSFIELD_723840,723840.0,1.0
93242,13,LEMOORE_747020,747020.0,1.0
93243,13,BAKERSFIELD_723840,723840.0,1.0
93243,14,LANCASTER_723816,723816.0,1.0
93243,16,SANDBERG_723830,723830.0,1.0
93244,13,VISALIA_723896,723896.0,1.0
93245,13,LEMOORE_747020,747020.0,1.0
93247,13,PORTERVILLE_723895,723895.0,1.0
93249,13,LEMOORE_747020,747020.0,1.0
93249,4,PASO-ROBLES_723965,723965.0,1.0
93250,13,BAKERSFIELD_723840,723840.0,1.0
93251,13,BAKERSFIELD_723840,723840.0,1.0
93251,4,PASO-ROBLES_723965,723965.0,1.0
93252,13,BAKERSFIELD_723840,723840.0,1.0
93252,16,SANDBERG_723830,723830.0,1.0
93252,4,PASO-ROBLES_723965,723965.0,1.0
93252,5,SANTA-MARIA_723940,723940.0,1.0
93254,4,PASO-ROBLES_723965,723965.0,1.0
93254,5,SANTA-MARIA_723940,723940.0,1.0
93255,14,INYOKERN_723826,723826.0,1.0
93255,16,SANDBERG_723830,723830.0,1.0
93256,13,PORTERVILLE_723895,723895.0,1.0
93257,13,PORTERVILLE_723895,723895.0,1.0
93257,16,SANDBERG_723830,723830.0,1.0
93260,13,PORTERVILLE_723895,723895.0,1.0
93260,16,SANDBERG_723830,723830.0,1.0
93262,13,PORTERVILLE_723895,723895.0,1.0
93262,16,BISHOP_724800,724800.0,1.0
93263,13,BAKERSFIELD_723840,723840.0,1.0
93265,13,PORTERVILLE_723895,723895.0,1.0
93265,16,BISHOP_724800,724800.0,1.0
93266,13,LEMOORE_747020,747020.0,1.0
93267,13,PORTERVILLE_723895,723895.0,1.0
93268,13,BAKERSFIELD_723840,723840.0,1.0
93268,4,PASO-ROBLES_723965,723965.0,1.0
93270,13,PORTERVILLE_723895,723895.0,1.0
93271,13,VISALIA_723896,723896.0,1.0
93271,16,BISHOP_724800,724800.0,1.0
93272,13,PORTERVILLE_723895,723895.0,1.0
93274,13,VISALIA_723896,723896.0,1.0
93276,13,BAKERSFIELD_723840,723840.0,1.0
93277,13,VISALIA_723896,723896.0,1.0
93280,13,BAKERSFIELD_723840,723840.0,1.0
93283,14,MOJAVE_722953,722953.0,1.0
93283,16,SANDBERG_723830,723830.0,1.0
93285,13,BAKERSFIELD_723840,723840.0,1.0
93285,16,SANDBERG_723830,723830.0,1.0
93286,13,VISALIA_723896,723896.0,1.0
93286,16,BISHOP_724800,724800.0,1.0
93287,13,PORTERVILLE_723895,723895.0,1.0
93287,16,SANDBERG_723830,723830.0,1.0
93291,13,VISALIA_723896,723896.0,1.0
93292,13,VISALIA_723896,723896.0,1.0
93301,13,BAKERSFIELD_723840,723840.0,1.0
93304,13,BAKERSFIELD_723840,723840.0,1.0
93305,13,BAKERSFIELD_723840,723840.0,1.0
93306,13,BAKERSFIELD_723840,723840.0,1.0
93306,16,SANDBERG_723830,723830.0,1.0
93307,13,BAKERSFIELD_723840,723840.0,1.0
93308,13,BAKERSFIELD_723840,723840.0,1.0
93308,16,SANDBERG_723830,723830.0,1.0
93309,13,BAKERSFIELD_723840,723840.0,1.0
93311,13,BAKERSFIELD_723840,723840.0,1.0
93312,13,BAKERSFIELD_723840,723840.0,1.0
93313,13,BAKERSFIELD_723840,723840.0,1.0
93314,13,BAKERSFIELD_723840,723840.0,1.0
93401,4,PASO-ROBLES_723965,723965.0,1.0
93401,5,SAN-LUIS-CO_722897,722897.0,1.0
93402,5,SAN-LUIS-CO_722897,722897.0,1.0
93405,4,PASO-ROBLES_723965,723965.0,1.0
93405,5,SAN-LUIS-CO_722897,722897.0,1.0
93407,5,SAN-LUIS-CO_722897,722897.0,1.0
93420,4,PASO-ROBLES_723965,723965.0,1.0
93420,5,SAN-LUIS-CO_722897,722897.0,1.0
93422,4,PASO-ROBLES_723965,723965.0,1.0
93426,3,SALINAS_724917,724917.0,1.0
93426,4,PASO-ROBLES_723965,723965.0,1.0
93427,5,LOMPOC_722895,722895.0,1.0
93428,4,PASO-ROBLES_723965,723965.0,1.0
93428,5,SAN-LUIS-CO_722897,722897.0,1.0
93429,5,SANTA-MARIA_723940,723940.0,1.0
93430,4,PASO-ROBLES_723965,723965.0,1.0
93430,5,SAN-LUIS-CO_722897,722897.0,1.0
93432,4,PASO-ROBLES_723965,723965.0,1.0
93433,5,SAN-LUIS-CO_722897,722897.0,1.0
93434,5,SANTA-MARIA_723940,723940.0,1.0
93436,5,LOMPOC_722895,722895.0,1.0
93436,6,SANTA-BARBARA_723925,723925.0,1.0
93437,5,VANDENBERG-AFB_723930,723930.0,1.0
93441,5,LOMPOC_722895,722895.0,1.0
93442,4,PASO-ROBLES_723965,723965.0,1.0
93442,5,SAN-LUIS-CO_722897,722897.0,1.0
93444,5,SANTA-MARIA_723940,723940.0,1.0
93445,5,SAN-LUIS-CO_722897,722897.0,1.0
93446,4,PASO-ROBLES_723965,723965.0,1.0
93446,5,SAN-LUIS-CO_722897,722897.0,1.0
93449,5,SAN-LUIS-CO_722897,722897.0,1.0
93450,13,LEMOORE_747020,747020.0,1.0
93450,4,PASO-ROBLES_723965,723965.0,1.0
93451,13,LEMOORE_747020,747020.0,1.0
93451,4,PASO-ROBLES_723965,723965.0,1.0
93452,4,PASO-ROBLES_723965,723965.0,1.0
93452,5,SAN-LUIS-CO_722897,722897.0,1.0
93453,13,BAKERSFIELD_723840,723840.0,1.0
93453,4,PASO-ROBLES_723965,723965.0,1.0
93453,5,SAN-LUIS-CO_722897,722897.0,1.0
93454,4,PASO-ROBLES_723965,723965.0,1.0
93454,5,SANTA-MARIA_723940,723940.0,1.0
93455,5,SANTA-MARIA_723940,723940.0,1.0
93458,5,SANTA-MARIA_723940,723940.0,1.0
93460,5,LOMPOC_722895,722895.0,1.0
93461,13,LEMOORE_747020,747020.0,1.0
93461,4,PASO-ROBLES_723965,723965.0,1.0
93463,5,LOMPOC_722895,722895.0,1.0
93465,4,PASO-ROBLES_723965,723965.0,1.0
93465,5,SAN-LUIS-CO_722897,722897.0,1.0
93501,14,MOJAVE_722953,722953.0,1.0
93501,16,SANDBERG_723830,723830.0,1.0
93505,14,MOJAVE_722953,722953.0,1.0
93510,14,PALMDALE_723820,723820.0,1.0
93510,16,SANDBERG_723830,723830.0,1.0
93510,9,BURBANK-GLENDALE_722880,722880.0,1.0
93512,16,BISHOP_724800,724800.0,1.0
93513,16,BISHOP_724800,724800.0,1.0
93514,16,BISHOP_724800,724800.0,1.0
93516,14,EDWARDS-AFB_723810,723810.0,1.0
93517,16,SOUTH-LAKE-TAHOE_725847,725847.0,1.0
93518,13,BAKERSFIELD_723840,723840.0,1.0
93518,14,MOJAVE_722953,722953.0,1.0
93518,16,SANDBERG_723830,723830.0,1.0
93519,14,MOJAVE_722953,722953.0,1.0
93519,16,SANDBERG_723830,723830.0,1.0
93523,14,EDWARDS-AFB_723810,723810.0,1.0
93524,14,EDWARDS-AFB_723810,723810.0,1.0
93526,14,INYOKERN_723826,723826.0,1.0
93526,16,BISHOP_724800,724800.0,1.0
93527,14,INYOKERN_723826,723826.0,1.0
93527,16,SANDBERG_723830,723830.0,1.0
93528,14,CHINA-LAKE_746120,746120.0,1.0
93529,16,BISHOP_724800,724800.0,1.0
93531,16,SANDBERG_723830,723830.0,1.0
93532,14,LANCASTER_723816,723816.0,1.0
93532,16,SANDBERG_723830,723830.0,1.0
93534,14,LANCASTER_723816,723816.0,1.0
93535,14,PALMDALE_723820,723820.0,1.0
93536,14,LANCASTER_723816,723816.0,1.0
93536,16,SANDBERG_723830,723830.0,1.0
93541,16,BISHOP_724800,724800.0,1.0
93543,14,PALMDALE_723820,723820.0,1.0
93543,16,SANDBERG_723830,723830.0,1.0
93544,14,PALMDALE_723820,723820.0,1.0
93544,16,SANDBERG_723830,723830.0,1.0
93545,14,INYOKERN_723826,723826.0,1.0
93545,16,BISHOP_724800,724800.0,1.0
93546,16,BISHOP_724800,724800.0,1.0
93550,14,PALMDALE_723820,723820.0,1.0
93550,16,SANDBERG_723830,723830.0,1.0
93551,14,LANCASTER_723816,723816.0,1.0
93552,14,PALMDALE_723820,723820.0,1.0
93552,16,SANDBERG_723830,723830.0,1.0
93553,14,PALMDALE_723820,723820.0,1.0
93553,16,SANDBERG_723830,723830.0,1.0
93554,14,CHINA-LAKE_746120,746120.0,1.0
93555,14,CHINA-LAKE_746120,746120.0,1.0
93555,16,SANDBERG_723830,723830.0,1.0
93560,13,BAKERSFIELD_723840,723840.0,1.0
93560,14,LANCASTER_723816,723816.0,1.0
93560,16,SANDBERG_723830,723830.0,1.0
93561,13,BAKERSFIELD_723840,723840.0,1.0
93561,16,SANDBERG_723830,723830.0,1.0
93562,14,CHINA-LAKE_746120,746120.0,1.0
93562,16,SANDBERG_723830,723830.0,1.0
93563,14,PALMDALE_723820,723820.0,1.0
93563,16,SANDBERG_723830,723830.0,1.0
93591,14,PALMDALE_723820,723820.0,1.0
93601,12,MERCED_724815,724815.0,1.0
93601,13,FRESNO_723890,723890.0,1.0
93601,16,BISHOP_724800,724800.0,1.0
93602,13,FRESNO_723890,723890.0,1.0
93602,16,BISHOP_724800,724800.0,1.0
93604,13,FRESNO_723890,723890.0,1.0
93604,16,BISHOP_724800,724800.0,1.0
93608,13,LEMOORE_747020,747020.0,1.0
93609,13,LEMOORE_747020,747020.0,1.0
93610,12,MERCED_724815,724815.0,1.0
93610,13,FRESNO_723890,723890.0,1.0
93611,13,FRESNO_723890,723890.0,1.0
93612,13,FRESNO_723890,723890.0,1.0
93614,13,FRESNO_723890,723890.0,1.0
93614,16,BISHOP_724800,724800.0,1.0
93615,13,VISALIA_723896,723896.0,1.0
93616,13,FRESNO_723890,723890.0,1.0
93618,13,VISALIA_723896,723896.0,1.0
93619,13,FRESNO_723890,723890.0,1.0
93620,12,MERCED_724815,724815.0,1.0
93620,13,FRESNO_723890,723890.0,1.0
93621,13,FRESNO_723890,723890.0,1.0
93621,16,BISHOP_724800,724800.0,1.0
93622,12,MERCED_724815,724815.0,1.0
93622,13,FRESNO_723890,723890.0,1.0
93622,4,SAN-JOSE-REID_724946,724946.0,1.0
93623,16,BISHOP_724800,724800.0,1.0
93625,13,FRESNO_723890,723890.0,1.0
93626,13,FRESNO_723890,723890.0,1.0
93626,16,BISHOP_724800,724800.0,1.0
93627,13,LEMOORE_747020,747020.0,1.0
93630,13,FRESNO_723890,723890.0,1.0
93631,13,VISALIA_723896,723896.0,1.0
93633,13,VISALIA_723896,723896.0,1.0
93633,16,BISHOP_724800,724800.0,1.0
93635,12,MERCED_724815,724815.0,1.0
93635,13,LEMOORE_747020,747020.0,1.0
93635,4,SAN-JOSE-REID_724946,724946.0,1.0
93636,13,FRESNO_723890,723890.0,1.0
93637,13,FRESNO_723890,723890.0,1.0
93638,13,FRESNO_723890,723890.0,1.0
93640,13,LEMOORE_747020,747020.0,1.0
93640,4,PASO-ROBLES_723965,723965.0,1.0
93641,13,VISALIA_723896,723896.0,1.0
93641,16,BISHOP_724800,724800.0,1.0
93643,13,FRESNO_723890,723890.0,1.0
93643,16,BISHOP_724800,724800.0,1.0
93644,13,FRESNO_723890,723890.0,1.0
93644,16,BISHOP_724800,724800.0,1.0
93645,13,FRESNO_723890,723890.0,1.0
93646,13,VISALIA_723896,723896.0,1.0
93647,13,VISALIA_723896,723896.0,1.0
93648,13,FRESNO_723890,723890.0,1.0
93650,13,FRESNO_723890,723890.0,1.0
93651,13,FRESNO_723890,723890.0,1.0
93652,13,FRESNO_723890,723890.0,1.0
93653,12,MERCED_724815,724815.0,1.0
93653,13,FRESNO_723890,723890.0,1.0
93654,13,FRESNO_723890,723890.0,1.0
93656,13,LEMOORE_747020,747020.0,1.0
93657,13,FRESNO_723890,723890.0,1.0
93657,16,BISHOP_724800,724800.0,1.0
93660,13,LEMOORE_747020,747020.0,1.0
93662,13,FRESNO_723890,723890.0,1.0
93664,16,BISHOP_724800,724800.0,1.0
93667,13,FRESNO_723890,723890.0,1.0
93667,16,BISHOP_724800,724800.0,1.0
93668,13,LEMOORE_747020,747020.0,1.0
93669,16,BISHOP_724800,724800.0,1.0
93675,13,FRESNO_723890,723890.0,1.0
93701,13,FRESNO_723890,723890.0,1.0
93702,13,FRESNO_723890,723890.0,1.0
93703,13,FRESNO_723890,723890.0,1.0
93704,13,FRESNO_723890,723890.0,1.0
93705,13,FRESNO_723890,723890.0,1.0
93706,13,FRESNO_723890,723890.0,1.0
93710,13,FRESNO_723890,723890.0,1.0
93711,13,FRESNO_723890,723890.0,1.0
93720,13,FRESNO_723890,723890.0,1.0
93721,13,FRESNO_723890,723890.0,1.0
93722,13,FRESNO_723890,723890.0,1.0
93723,13,FRESNO_723890,723890.0,1.0
93725,13,FRESNO_723890,723890.0,1.0
93726,13,FRESNO_723890,723890.0,1.0
93727,13,FRESNO_723890,723890.0,1.0
93728,13,FRESNO_723890,723890.0,1.0
93730,13,FRESNO_723890,723890.0,1.0
93741,13,FRESNO_723890,723890.0,1.0
93901,3,SALINAS_724917,724917.0,1.0
93905,3,SALINAS_724917,724917.0,1.0
93906,3,SALINAS_724917,724917.0,1.0
93907,3,SALINAS_724917,724917.0,1.0
93907,4,SAN-JOSE-REID_724946,724946.0,1.0
93908,3,SALINAS_724917,724917.0,1.0
93908,4,SAN-JOSE-REID_724946,724946.0,1.0
93920,3,MONTEREY_724915,724915.0,1.0
93920,4,PASO-ROBLES_723965,723965.0,1.0
93920,5,SAN-LUIS-CO_722897,722897.0,1.0
93923,3,MONTEREY_724915,724915.0,1.0
93924,3,MONTEREY_724915,724915.0,1.0
93924,4,SAN-JOSE-REID_724946,724946.0,1.0
93925,3,SALINAS_724917,724917.0,1.0
93925,4,SAN-JOSE-REID_724946,724946.0,1.0
93926,3,SALINAS_724917,724917.0,1.0
93926,4,SAN-JOSE-REID_724946,724946.0,1.0
93927,3,SALINAS_724917,724917.0,1.0
93927,4,PASO-ROBLES_723965,723965.0,1.0
93930,3,SALINAS_724917,724917.0,1.0
93930,4,PASO-ROBLES_723965,723965.0,1.0
93932,3,SALINAS_724917,724917.0,1.0
93932,4,PASO-ROBLES_723965,723965.0,1.0
93933,3,MONTEREY_724915,724915.0,1.0
93940,3,MONTEREY_724915,724915.0,1.0
93943,3,MONTEREY_724915,724915.0,1.0
93950,3,MONTEREY_724915,724915.0,1.0
93953,3,MONTEREY_724915,724915.0,1.0
93955,3,MONTEREY_724915,724915.0,1.0
93960,3,SALINAS_724917,724917.0,1.0
93960,4,PASO-ROBLES_723965,723965.0,1.0
94002,3,SAN-CARLOS_724938,724938.0,1.0
94005,3,SAN-FRANCISCO-INTL_724940,724940.0,1.0
94010,3,SAN-FRANCISCO-INTL_724940,724940.0,1.0
94014,3,SAN-FRANCISCO-INTL_724940,724940.0,1.0
94015,3,SAN-FRANCISCO-INTL_724940,724940.0,1.0
94019,3,SAN-CARLOS_724938,724938.0,1.0
94020,3,SAN-CARLOS_724938,724938.0,1.0
94020,4,PALO-ALTO_724937,724937.0,1.0
94021,3,SAN-CARLOS_724938,724938.0,1.0
94022,3,SAN-CARLOS_724938,724938.0,1.0
94022,4,PALO-ALTO_724937,724937.0,1.0
94024,4,PALO-ALTO_724937,724937.0,1.0
94025,3,SAN-CARLOS_724938,724938.0,1.0
94025,4,PALO-ALTO_724937,724937.0,1.0
94027,3,SAN-CARLOS_724938,724938.0,1.0
94028,3,SAN-CARLOS_724938,724938.0,1.0
94028,4,PALO-ALTO_724937,724937.0,1.0
94030,3,SAN-FRANCISCO-INTL_724940,724940.0,1.0
94035,4,PALO-ALTO_724937,724937.0,1.0
94038,3,SAN-FRANCISCO-INTL_724940,724940.0,1.0
94040,4,PALO-ALTO_724937,724937.0,1.0
94041,4,PALO-ALTO_724937,724937.0,1.0
94043,3,SAN-CARLOS_724938,724938.0,1.0
94043,4,PALO-ALTO_724937,724937.0,1.0
94044,3,SAN-FRANCISCO-INTL_724940,724940.0,1.0
94060,3,SAN-CARLOS_724938,724938.0,1.0
94061,3,SAN-CARLOS_724938,724938.0,1.0
94062,3,SAN-CARLOS_724938,724938.0,1.0
94062,4,PALO-ALTO_724937,724937.0,1.0
94063,3,SAN-CARLOS_724938,724938.0,1.0
94065,3,SAN-CARLOS_724938,724938.0,1.0
94066,3,SAN-FRANCISCO-INTL_724940,724940.0,1.0
94070,3,SAN-CARLOS_724938,724938.0,1.0
94074,3,SAN-CARLOS_724938,724938.0,1.0
94080,3,SAN-FRANCISCO-INTL_724940,724940.0,1.0
94085,4,SAN-JOSE-INTL_724945,724945.0,1.0
94086,4,SAN-JOSE-INTL_724945,724945.0,1.0
94087,4,SAN-JOSE-INTL_724945,724945.0,1.0
94089,3,SAN-CARLOS_724938,724938.0,1.0
94089,4,SAN-JOSE-INTL_724945,724945.0,1.0
94102,3,SAN-FRANCISCO-INTL_724940,724940.0,1.0
94103,3,SAN-FRANCISCO-INTL_724940,724940.0,1.0
94104,3,OAKLAND_724930,724930.0,1.0
94105,3,OAKLAND_724930,724930.0,1.0
94107,3,SAN-FRANCISCO-INTL_724940,724940.0,1.0
94108,3,OAKLAND_724930,724930.0,1.0
94109,3,SAN-FRANCISCO-INTL_724940,724940.0,1.0
94110,3,SAN-FRANCISCO-INTL_724940,724940.0,1.0
94111,3,OAKLAND_724930,724930.0,1.0
94112,3,SAN-FRANCISCO-INTL_724940,724940.0,1.0
94114,3,SAN-FRANCISCO-INTL_724940,724940.0,1.0
94115,3,SAN-FRANCISCO-INTL_724940,724940.0,1.0
94116,3,SAN-FRANCISCO-INTL_724940,724940.0,1.0
94117,3,SAN-FRANCISCO-INTL_724940,724940.0,1.0
94118,3,SAN-FRANCISCO-INTL_724940,724940.0,1.0
94121,3,SAN-FRANCISCO-INTL_724940,724940.0,1.0
94122,3,SAN-FRANCISCO-INTL_724940,724940.0,1.0
94123,3,SAN-FRANCISCO-INTL_724940,724940.0,1.0
94124,3,SAN-FRANCISCO-INTL_724940,724940.0,1.0
94127,3,SAN-FRANCISCO-INTL_724940,724940.0,1.0
94128,3,SAN-FRANCISCO-INTL_724940,724940.0,1.0
94129,3,SAN-FRANCISCO-INTL_724940,724940.0,1.0
94130,3,OAKLAND_724930,724930.0,1.0
94131,3,SAN-FRANCISCO-INTL_724940,724940.0,1.0
94132,3,SAN-FRANCISCO-INTL_724940,724940.0,1.0
94133,3,OAKLAND_724930,724930.0,1.0
94134,3,SAN-FRANCISCO-INTL_724940,724940.0,1.0
94158,3,SAN-FRANCISCO-INTL_724940,724940.0,1.0
94301,3,SAN-CARLOS_724938,724938.0,1.0
94301,4,PALO-ALTO_724937,724937.0,1.0
94303,3,SAN-CARLOS_724938,724938.0,1.0
94303,4,PALO-ALTO_724937,724937.0,1.0
94304,3,SAN-CARLOS_724938,724938.0,1.0
94304,4,PALO-ALTO_724937,724937.0,1.0
94305,4,PALO-ALTO_724937,724937.0,1.0
94306,4,PALO-ALTO_724937,724937.0,1.0
94401,3,SAN-CARLOS_724938,724938.0,1.0
94402,3,SAN-CARLOS_724938,724938.0,1.0
94403,3,SAN-CARLOS_724938,724938.0,1.0
94404,3,SAN-CARLOS_724938,724938.0,1.0
94501,3,OAKLAND_724930,724930.0,1.0
94502,3,OAKLAND_724930,724930.0,1.0
94503,12,CONCORD_724936,724936.0,1.0
94503,2,NAPA-CO_724955,724955.0,1.0
94503,3,OAKLAND_724930,724930.0,1.0
94505,12,LIVERMORE_724927,724927.0,1.0
94506,12,LIVERMORE_724927,724927.0,1.0
94507,12,CONCORD_724936,724936.0,1.0
94508,2,SANTA-ROSA_724957,724957.0,1.0
94509,12,CONCORD_724936,724936.0,1.0
94510,12,CONCORD_724936,724936.0,1.0
94512,12,FAIRFLD-TRAVIS-AFB_745160,745160.0,1.0
94513,12,LIVERMORE_724927,724927.0,1.0
94514,12,LIVERMORE_724927,724927.0,1.0
94515,2,SANTA-ROSA_724957,724957.0,1.0
94517,12,LIVERMORE_724927,724927.0,1.0
94518,12,CONCORD_724936,724936.0,1.0
94519,12,CONCORD_724936,724936.0,1.0
94520,12,CONCORD_724936,724936.0,1.0
94521,12,CONCORD_724936,724936.0,1.0
94523,12,CONCORD_724936,724936.0,1.0
94525,12,CONCORD_724936,724936.0,1.0
94525,3,OAKLAND_724930,724930.0,1.0
94526,12,LIVERMORE_724927,724927.0,1.0
94528,12,LIVERMORE_724927,724927.0,1.0
94530,12,CONCORD_724936,724936.0,1.0
94530,3,OAKLAND_724930,724930.0,1.0
94531,12,CONCORD_724936,724936.0,1.0
94533,12,FAIRFLD-TRAVIS-AFB_745160,745160.0,1.0
94534,12,FAIRFLD-TRAVIS-AFB_745160,745160.0,1.0
94534,2,NAPA-CO_724955,724955.0,1.0
94535,12,FAIRFLD-TRAVIS-AFB_745160,745160.0,1.0
94536,3,HAYWARD_724935,724935.0,1.0
94538,3,HAYWARD_724935,724935.0,1.0
94538,4,PALO-ALTO_724937,724937.0,1.0
94539,12,LIVERMORE_724927,724927.0,1.0
94539,3,HAYWARD_724935,724935.0,1.0
94539,4,SAN-JOSE-INTL_724945,724945.0,1.0
94541,3,HAYWARD_724935,724935.0,1.0
94542,3,HAYWARD_724935,724935.0,1.0
94544,3,HAYWARD_724935,724935.0,1.0
94545,3,HAYWARD_724935,724935.0,1.0
94546,12,LIVERMORE_724927,724927.0,1.0
94546,3,HAYWARD_724935,724935.0,1.0
94547,12,CONCORD_724936,724936.0,1.0
94547,3,OAKLAND_724930,724930.0,1.0
94548,12,CONCORD_724936,724936.0,1.0
94549,12,CONCORD_724936,724936.0,1.0
94550,12,LIVERMORE_724927,724927.0,1.0
94550,4,SAN-JOSE-INTL_724945,724945.0,1.0
94551,12,LIVERMORE_724927,724927.0,1.0
94552,12,LIVERMORE_724927,724927.0,1.0
94552,3,HAYWARD_724935,724935.0,1.0
94553,12,CONCORD_724936,724936.0,1.0
94553,3,OAKLAND_724930,724930.0,1.0
94555,3,HAYWARD_724935,724935.0,1.0
94556,12,CONCORD_724936,724936.0,1.0
94556,3,OAKLAND_724930,724930.0,1.0
94558,12,FAIRFLD-TRAVIS-AFB_745160,745160.0,1.0
94558,2,NAPA-CO_724955,724955.0,1.0
94559,2,NAPA-CO_724955,724955.0,1.0
94559,3,OAKLAND_724930,724930.0,1.0
94560,3,SAN-CARLOS_724938,724938.0,1.0
94561,12,CONCORD_724936,724936.0,1.0
94563,12,CONCORD_724936,724936.0,1.0
94563,3,OAKLAND_724930,724930.0,1.0
94564,12,CONCORD_724936,724936.0,1.0
94564,3,OAKLAND_724930,724930.0,1.0
94565,12,CONCORD_724936,724936.0,1.0
94566,12,LIVERMORE_724927,724927.0,1.0
94567,2,SANTA-ROSA_724957,724957.0,1.0
94568,12,LIVERMORE_724927,724927.0,1.0
94568,3,HAYWARD_724935,724935.0,1.0
94569,12,CONCORD_724936,724936.0,1.0
94571,12,FAIRFLD-TRAVIS-AFB_745160,745160.0,1.0
94572,12,CONCORD_724936,724936.0,1.0
94572,3,OAKLAND_724930,724930.0,1.0
94574,2,SANTA-ROSA_724957,724957.0,1.0
94576,2,SANTA-ROSA_724957,724957.0,1.0
94577,3,OAKLAND_724930,724930.0,1.0
94578,3,HAYWARD_724935,724935.0,1.0
94579,3,HAYWARD_724935,724935.0,1.0
94580,3,HAYWARD_724935,724935.0,1.0
94582,12,LIVERMORE_724927,724927.0,1.0
94583,12,LIVERMORE_724927,724927.0,1.0
94583,3,HAYWARD_724935,724935.0,1.0
94585,12,FAIRFLD-TRAVIS-AFB_745160,745160.0,1.0
94586,12,LIVERMORE_724927,724927.0,1.0
94586,3,HAYWARD_724935,724935.0,1.0
94586,4,SAN-JOSE-INTL_724945,724945.0,1.0
94587,3,HAYWARD_724935,724935.0,1.0
94588,12,LIVERMORE_724927,724927.0,1.0
94588,3,HAYWARD_724935,724935.0,1.0
94589,2,NAPA-CO_724955,724955.0,1.0
94589,3,OAKLAND_724930,724930.0,1.0
94590,3,OAKLAND_724930,724930.0,1.0
94591,12,CONCORD_724936,724936.0,1.0
94591,2,NAPA-CO_724955,724955.0,1.0
94591,3,OAKLAND_724930,724930.0,1.0
94592,3,OAKLAND_724930,724930.0,1.0
94595,12,CONCORD_724936,724936.0,1.0
94596,12,CONCORD_724936,724936.0,1.0
94597,12,CONCORD_724936,724936.0,1.0
94598,12,CONCORD_724936,724936.0,1.0
94599,2,NAPA-CO_724955,724955.0,1.0
94601,3,OAKLAND_724930,724930.0,1.0
94602,3,OAKLAND_724930,724930.0,1.0
94603,3,OAKLAND_724930,724930.0,1.0
94605,3,OAKLAND_724930,724930.0,1.0
94606,3,OAKLAND_724930,724930.0,1.0
94607,3,OAKLAND_724930,724930.0,1.0
94608,3,OAKLAND_724930,724930.0,1.0
94609,3,OAKLAND_724930,724930.0,1.0
94610,3,OAKLAND_724930,724930.0,1.0
94611,12,CONCORD_724936,724936.0,1.0
94611,3,OAKLAND_724930,724930.0,1.0
94612,3,OAKLAND_724930,724930.0,1.0
94613,3,OAKLAND_724930,724930.0,1.0
94618,3,OAKLAND_724930,724930.0,1.0
94619,3,OAKLAND_724930,724930.0,1.0
94621,3,OAKLAND_724930,724930.0,1.0
94702,3,OAKLAND_724930,724930.0,1.0
94703,3,OAKLAND_724930,724930.0,1.0
94704,12,CONCORD_724936,724936.0,1.0
94704,3,OAKLAND_724930,724930.0,1.0
94705,12,CONCORD_724936,724936.0,1.0
94705,3,OAKLAND_724930,724930.0,1.0
94706,3,OAKLAND_724930,724930.0,1.0
94707,3,OAKLAND_724930,724930.0,1.0
94708,12,CONCORD_724936,724936.0,1.0
94708,3,OAKLAND_724930,724930.0,1.0
94709,3,OAKLAND_724930,724930.0,1.0
94710,3,OAKLAND_724930,724930.0,1.0
94720,3,OAKLAND_724930,724930.0,1.0
94801,3,OAKLAND_724930,724930.0,1.0
94803,12,CONCORD_724936,724936.0,1.0
94803,3,OAKLAND_724930,724930.0,1.0
94804,3,OAKLAND_724930,724930.0,1.0
94805,3,OAKLAND_724930,724930.0,1.0
94806,3,OAKLAND_724930,724930.0,1.0
94901,2,NAPA-CO_724955,724955.0,1.0
94903,2,NAPA-CO_724955,724955.0,1.0
94904,2,NAPA-CO_724955,724955.0,1.0
94904,3,SAN-FRANCISCO-INTL_724940,724940.0,1.0
94920,3,OAKLAND_724930,724930.0,1.0
94922,1,EUREKA_725940,725940.0,1.0
94922,2,SANTA-ROSA_724957,724957.0,1.0
94922,3,SAN-FRANCISCO-INTL_724940,724940.0,1.0
94923,1,EUREKA_725940,725940.0,1.0
94923,3,SAN-FRANCISCO-INTL_724940,724940.0,1.0
94924,3,SAN-FRANCISCO-INTL_724940,724940.0,1.0
94925,2,NAPA-CO_724955,724955.0,1.0
94925,3,OAKLAND_724930,724930.0,1.0
94928,2,SANTA-ROSA_724957,724957.0,1.0
94929,3,SAN-FRANCISCO-INTL_724940,724940.0,1.0
94930,2,NAPA-CO_724955,724955.0,1.0
94930,3,SAN-FRANCISCO-INTL_724940,724940.0,1.0
94931,2,SANTA-ROSA_724957,724957.0,1.0
94933,3,SAN-FRANCISCO-INTL_724940,724940.0,1.0
94937,3,SAN-FRANCISCO-INTL_724940,724940.0,1.0
94938,3,SAN-FRANCISCO-INTL_724940,724940.0,1.0
94939,2,NAPA-CO_724955,724955.0,1.0
94939,3,OAKLAND_724930,724930.0,1.0
94940,3,SAN-FRANCISCO-INTL_724940,724940.0,1.0
94941,3,SAN-FRANCISCO-INTL_724940,724940.0,1.0
94945,2,NAPA-CO_724955,724955.0,1.0
94946,2,NAPA-CO_724955,724955.0,1.0
94946,3,SAN-FRANCISCO-INTL_724940,724940.0,1.0
94947,2,NAPA-CO_724955,724955.0,1.0
94949,2,NAPA-CO_724955,724955.0,1.0
94951,2,SANTA-ROSA_724957,724957.0,1.0
94952,1,EUREKA_725940,725940.0,1.0
94952,2,SANTA-ROSA_724957,724957.0,1.0
94952,3,OAKLAND_724930,724930.0,1.0
94954,2,NAPA-CO_724955,724955.0,1.0
94956,3,SAN-FRANCISCO-INTL_724940,724940.0,1.0
94960,2,NAPA-CO_724955,724955.0,1.0
94963,2,NAPA-CO_724955,724955.0,1.0
94963,3,SAN-FRANCISCO-INTL_724940,724940.0,1.0
94964,2,NAPA-CO_724955,724955.0,1.0
94965,3,SAN-FRANCISCO-INTL_724940,724940.0,1.0
94970,3,SAN-FRANCISCO-INTL_724940,724940.0,1.0
94971,3,SAN-FRANCISCO-INTL_724940,724940.0,1.0
94972,1,EUREKA_725940,725940.0,1.0
94972,2,SANTA-ROSA_724957,724957.0,1.0
94972,3,SAN-FRANCISCO-INTL_724940,724940.0,1.0
94973,2,NAPA-CO_724955,724955.0,1.0
94973,3,SAN-FRANCISCO-INTL_724940,724940.0,1.0
95002,3,SAN-CARLOS_724938,724938.0,1.0
95002,4,SAN-JOSE-INTL_724945,724945.0,1.0
95003,3,MONTEREY_724915,724915.0,1.0
95004,3,SALINAS_724917,724917.0,1.0
95004,4,SAN-JOSE-REID_724946,724946.0,1.0
95005,3,SAN-CARLOS_724938,724938.0,1.0
95006,3,SAN-CARLOS_724938,724938.0,1.0
95008,4,SAN-JOSE-INTL_724945,724945.0,1.0
95010,3,MONTEREY_724915,724915.0,1.0
95012,3,SALINAS_724917,724917.0,1.0
95013,4,SAN-JOSE-REID_724946,724946.0,1.0
95014,3,SAN-CARLOS_724938,724938.0,1.0
95014,4,SAN-JOSE-INTL_724945,724945.0,1.0
95017,3,SAN-CARLOS_724938,724938.0,1.0
95018,3,SAN-CARLOS_724938,724938.0,1.0
95019,3,SALINAS_724917,724917.0,1.0
95020,3,SALINAS_724917,724917.0,1.0
95020,4,SAN-JOSE-REID_724946,724946.0,1.0
95023,12,MERCED_724815,724815.0,1.0
95023,13,LEMOORE_747020,747020.0,1.0
95023,3,SALINAS_724917,724917.0,1.0
95023,4,SAN-JOSE-REID_724946,724946.0,1.0
95030,4,SAN-JOSE-INTL_724945,724945.0,1.0
95032,4,SAN-JOSE-REID_724946,724946.0,1.0
95033,3,SAN-CARLOS_724938,724938.0,1.0
95033,4,SAN-JOSE-REID_724946,724946.0,1.0
95035,3,HAYWARD_724935,724935.0,1.0
95035,4,SAN-JOSE-INTL_724945,724945.0,1.0
95037,12,LIVERMORE_724927,724927.0,1.0
95037,3,SALINAS_724917,724917.0,1.0
95037,4,SAN-JOSE-REID_724946,724946.0,1.0
95039,3,SALINAS_724917,724917.0,1.0
95043,13,LEMOORE_747020,747020.0,1.0
95043,3,SALINAS_724917,724917.0,1.0
95043,4,PASO-ROBLES_723965,723965.0,1.0
95045,3,SALINAS_724917,724917.0,1.0
95045,4,SAN-JOSE-REID_724946,724946.0,1.0
95046,4,SAN-JOSE-REID_724946,724946.0,1.0
95050,4,SAN-JOSE-INTL_724945,724945.0,1.0
95051,4,SAN-JOSE-INTL_724945,724945.0,1.0
95053,4,SAN-JOSE-INTL_724945,724945.0,1.0
95054,4,SAN-JOSE-INTL_724945,724945.0,1.0
95060,3,MONTEREY_724915,724915.0,1.0
95062,3,MONTEREY_724915,724915.0,1.0
95064,3,MONTEREY_724915,724915.0,1.0
95065,3,MONTEREY_724915,724915.0,1.0
95066,3,MONTEREY_724915,724915.0,1.0
95070,3,SAN-CARLOS_724938,724938.0,1.0
95070,4,SAN-JOSE-INTL_724945,724945.0,1.0
95073,3,MONTEREY_724915,724915.0,1.0
95076,3,SALINAS_724917,724917.0,1.0
95076,4,SAN-JOSE-REID_724946,724946.0,1.0
95110,4,SAN-JOSE-INTL_724945,724945.0,1.0
95111,4,SAN-JOSE-REID_724946,724946.0,1.0
95112,4,SAN-JOSE-INTL_724945,724945.0,1.0
95113,4,SAN-JOSE-INTL_724945,724945.0,1.0
95116,4,SAN-JOSE-REID_724946,724946.0,1.0
95117,4,SAN-JOSE-INTL_724945,724945.0,1.0
95118,4,SAN-JOSE-REID_724946,724946.0,1.0
95119,4,SAN-JOSE-REID_724946,724946.0,1.0
95120,4,SAN-JOSE-REID_724946,724946.0,1.0
95121,4,SAN-JOSE-REID_724946,724946.0,1.0
95122,4,SAN-JOSE-REID_724946,724946.0,1.0
95123,4,SAN-JOSE-REID_724946,724946.0,1.0
95124,4,SAN-JOSE-REID_724946,724946.0,1.0
95125,4,SAN-JOSE-REID_724946,724946.0,1.0
95126,4,SAN-JOSE-INTL_724945,724945.0,1.0
95127,4,SAN-JOSE-REID_724946,724946.0,1.0
95128,4,SAN-JOSE-INTL_724945,724945.0,1.0
95129,4,SAN-JOSE-INTL_724945,724945.0,1.0
95130,4,SAN-JOSE-INTL_724945,724945.0,1.0
95131,4,SAN-JOSE-INTL_724945,724945.0,1.0
95132,4,SAN-JOSE-REID_724946,724946.0,1.0
95133,4,SAN-JOSE-INTL_724945,724945.0,1.0
95134,3,SAN-CARLOS_724938,724938.0,1.0
95134,4,SAN-JOSE-INTL_724945,724945.0,1.0
95135,4,SAN-JOSE-REID_724946,724946.0,1.0
95136,4,SAN-JOSE-REID_724946,724946.0,1.0
95138,4,SAN-JOSE-REID_724946,724946.0,1.0
95139,4,SAN-JOSE-REID_724946,724946.0,1.0
95140,4,SAN-JOSE-REID_724946,724946.0,1.0
95141,4,SAN-JOSE-REID_724946,724946.0,1.0
95148,4,SAN-JOSE-REID_724946,724946.0,1.0
95192,4,SAN-JOSE-INTL_724945,724945.0,1.0
95202,12,STOCKTON_724920,724920.0,1.0
95203,12,STOCKTON_724920,724920.0,1.0
95204,12,STOCKTON_724920,724920.0,1.0
95205,12,STOCKTON_724920,724920.0,1.0
95206,12,STOCKTON_724920,724920.0,1.0
95207,12,STOCKTON_724920,724920.0,1.0
95209,12,STOCKTON_724920,724920.0,1.0
95210,12,STOCKTON_724920,724920.0,1.0
95211,12,STOCKTON_724920,724920.0,1.0
95212,12,STOCKTON_724920,724920.0,1.0
95215,12,STOCKTON_724920,724920.0,1.0
95219,12,STOCKTON_724920,724920.0,1.0
95220,12,STOCKTON_724920,724920.0,1.0
95222,12,MODESTO_724926,724926.0,1.0
95223,12,STOCKTON_724920,724920.0,1.0
95223,16,SOUTH-LAKE-TAHOE_725847,725847.0,1.0
95228,12,MODESTO_724926,724926.0,1.0
95230,12,STOCKTON_724920,724920.0,1.0
95231,12,STOCKTON_724920,724920.0,1.0
95232,12,STOCKTON_724920,724920.0,1.0
95236,12,STOCKTON_724920,724920.0,1.0
95237,12,STOCKTON_724920,724920.0,1.0
95240,12,STOCKTON_724920,724920.0,1.0
95242,12,STOCKTON_724920,724920.0,1.0
95245,12,STOCKTON_724920,724920.0,1.0
95245,16,SOUTH-LAKE-TAHOE_725847,725847.0,1.0
95246,12,STOCKTON_724920,724920.0,1.0
95246,16,SOUTH-LAKE-TAHOE_725847,725847.0,1.0
95247,12,MODESTO_724926,724926.0,1.0
95247,16,SOUTH-LAKE-TAHOE_725847,725847.0,1.0
95249,12,STOCKTON_724920,724920.0,1.0
95251,12,MODESTO_724926,724926.0,1.0
95252,12,STOCKTON_724920,724920.0,1.0
95255,12,STOCKTON_724920,724920.0,1.0
95255,16,SOUTH-LAKE-TAHOE_725847,725847.0,1.0
95257,12,STOCKTON_724920,724920.0,1.0
95257,16,SOUTH-LAKE-TAHOE_725847,725847.0,1.0
95258,12,STOCKTON_724920,724920.0,1.0
95301,12,MERCED_724815,724815.0,1.0
95303,12,MERCED_724815,724815.0,1.0
95304,12,STOCKTON_724920,724920.0,1.0
95306,12,MERCED_724815,724815.0,1.0
95307,12,MODESTO_724926,724926.0,1.0
95309,12,MODESTO_724926,724926.0,1.0
95310,12,MODESTO_724926,724926.0,1.0
95310,16,SOUTH-LAKE-TAHOE_725847,725847.0,1.0
95311,12,MERCED_724815,724815.0,1.0
95311,16,SOUTH-LAKE-TAHOE_725847,725847.0,1.0
95313,12,MODESTO_724926,724926.0,1.0
95315,12,MODESTO_724926,724926.0,1.0
95316,12,MODESTO_724926,724926.0,1.0
95317,12,MERCED_724815,724815.0,1.0
95317,13,FRESNO_723890,723890.0,1.0
95318,12,MERCED_724815,724815.0,1.0
95318,16,BISHOP_724800,724800.0,1.0
95320,12,STOCKTON_724920,724920.0,1.0
95321,12,MERCED_724815,724815.0,1.0
95321,16,SOUTH-LAKE-TAHOE_725847,725847.0,1.0
95322,12,MERCED_724815,724815.0,1.0
95322,4,SAN-JOSE-REID_724946,724946.0,1.0
95323,12,MODESTO_724926,724926.0,1.0
95324,12,MODESTO_724926,724926.0,1.0
95325,12,MERCED_724815,724815.0,1.0
95326,12,MODESTO_724926,724926.0,1.0
95327,12,MODESTO_724926,724926.0,1.0
95329,12,MERCED_724815,724815.0,1.0
95330,12,STOCKTON_724920,724920.0,1.0
95333,12,MERCED_724815,724815.0,1.0
95333,13,FRESNO_723890,723890.0,1.0
95334,12,MERCED_724815,724815.0,1.0
95335,16,SOUTH-LAKE-TAHOE_725847,725847.0,1.0
95336,12,STOCKTON_724920,724920.0,1.0
95337,12,STOCKTON_724920,724920.0,1.0
95338,12,MERCED_724815,724815.0,1.0
95338,13,FRESNO_723890,723890.0,1.0
95338,16,BISHOP_724800,724800.0,1.0
95340,12,MERCED_724815,724815.0,1.0
95341,12,MERCED_724815,724815.0,1.0
95345,12,MERCED_724815,724815.0,1.0
95345,16,SOUTH-LAKE-TAHOE_725847,725847.0,1.0
95346,12,MODESTO_724926,724926.0,1.0
95346,16,SOUTH-LAKE-TAHOE_725847,725847.0,1.0
95348,12,MERCED_724815,724815.0,1.0
95350,12,MODESTO_724926,724926.0,1.0
95351,12,MODESTO_724926,724926.0,1.0
95354,12,MODESTO_724926,724926.0,1.0
95355,12,MODESTO_724926,724926.0,1.0
95356,12,MODESTO_724926,724926.0,1.0
95357,12,MODESTO_724926,724926.0,1.0
95358,12,MODESTO_724926,724926.0,1.0
95360,12,MODESTO_724926,724926.0,1.0
95360,4,SAN-JOSE-REID_724946,724946.0,1.0
95361,12,MODESTO_724926,724926.0,1.0
95363,12,MODESTO_724926,724926.0,1.0
95363,4,SAN-JOSE-REID_724946,724946.0,1.0
95364,16,SOUTH-LAKE-TAHOE_725847,725847.0,1.0
95366,12,STOCKTON_724920,724920.0,1.0
95367,12,MODESTO_724926,724926.0,1.0
95368,12,MODESTO_724926,724926.0,1.0
95369,12,MERCED_724815,724815.0,1.0
95370,12,MODESTO_724926,724926.0,1.0
95370,16,SOUTH-LAKE-TAHOE_725847,725847.0,1.0
95372,12,MODESTO_724926,724926.0,1.0
95374,12,MERCED_724815,724815.0,1.0
95376,12,STOCKTON_724920,724920.0,1.0
95377,12,LIVERMORE_724927,724927.0,1.0
95379,12,MODESTO_724926,724926.0,1.0
95379,16,SOUTH-LAKE-TAHOE_725847,725847.0,1.0
95380,12,MODESTO_724926,724926.0,1.0
95382,12,MODESTO_724926,724926.0,1.0
95383,12,MODESTO_724926,724926.0,1.0
95383,16,SOUTH-LAKE-TAHOE_725847,725847.0,1.0
95385,12,MODESTO_724926,724926.0,1.0
95386,12,MODESTO_724926,724926.0,1.0
95388,12,MERCED_724815,724815.0,1.0
95389,16,BISHOP_724800,724800.0,1.0
95391,12,LIVERMORE_724927,724927.0,1.0
95401,2,SANTA-ROSA_724957,724957.0,1.0
95403,2,SANTA-ROSA_724957,724957.0,1.0
95404,2,SANTA-ROSA_724957,724957.0,1.0
95405,2,SANTA-ROSA_724957,724957.0,1.0
95407,2,SANTA-ROSA_724957,724957.0,1.0
95409,2,SANTA-ROSA_724957,724957.0,1.0
95410,1,EUREKA_725940,725940.0,1.0
95412,1,EUREKA_725940,725940.0,1.0
95412,2,UKIAH_725905,725905.0,1.0
95415,2,UKIAH_725905,725905.0,1.0
95417,1,EUREKA_725940,725940.0,1.0
95417,2,UKIAH_725905,725905.0,1.0
95420,1,EUREKA_725940,725940.0,1.0
95421,1,EUREKA_725940,725940.0,1.0
95421,2,SANTA-ROSA_724957,724957.0,1.0
95422,11,YUBA-CO_724838,724838.0,1.0
95422,12,SACRAMENTO-METRO_724839,724839.0,1.0
95422,2,SANTA-ROSA_724957,724957.0,1.0
95423,11,YUBA-CO_724838,724838.0,1.0
95423,2,UKIAH_725905,725905.0,1.0
95425,2,SANTA-ROSA_724957,724957.0,1.0
95427,1,EUREKA_725940,725940.0,1.0
95427,2,UKIAH_725905,725905.0,1.0
95428,11,RED-BLUFF_725910,725910.0,1.0
95428,16,MOUNT-SHASTA_725957,725957.0,1.0
95428,2,UKIAH_725905,725905.0,1.0
95429,2,UKIAH_725905,725905.0,1.0
95432,1,EUREKA_725940,725940.0,1.0
95436,2,SANTA-ROSA_724957,724957.0,1.0
95437,1,EUREKA_725940,725940.0,1.0
95437,2,UKIAH_725905,725905.0,1.0
95439,2,SANTA-ROSA_724957,724957.0,1.0
95441,2,SANTA-ROSA_724957,724957.0,1.0
95442,2,NAPA-CO_724955,724955.0,1.0
95443,2,UKIAH_725905,725905.0,1.0
95444,2,SANTA-ROSA_724957,724957.0,1.0
95445,1,EUREKA_725940,725940.0,1.0
95445,2,UKIAH_725905,725905.0,1.0
95446,1,EUREKA_725940,725940.0,1.0
95446,2,SANTA-ROSA_724957,724957.0,1.0
95448,1,EUREKA_725940,725940.0,1.0
95448,2,SANTA-ROSA_724957,724957.0,1.0
95449,2,UKIAH_725905,725905.0,1.0
95450,1,EUREKA_725940,725940.0,1.0
95451,2,UKIAH_725905,725905.0,1.0
95452,2,SANTA-ROSA_724957,724957.0,1.0
95453,2,UKIAH_725905,725905.0,1.0
95454,2,UKIAH_725905,725905.0,1.0
95456,1,EUREKA_725940,725940.0,1.0
95457,12,FAIRFLD-TRAVIS-AFB_745160,745160.0,1.0
95457,2,SANTA-ROSA_724957,724957.0,1.0
95458,2,UKIAH_725905,725905.0,1.0
95459,1,EUREKA_725940,725940.0,1.0
95459,2,UKIAH_725905,725905.0,1.0
95460,1,EUREKA_725940,725940.0,1.0
95461,2,SANTA-ROSA_724957,724957.0,1.0
95462,1,EUREKA_725940,725940.0,1.0
95462,2,SANTA-ROSA_724957,724957.0,1.0
95464,2,UKIAH_725905,725905.0,1.0
95465,1,EUREKA_725940,725940.0,1.0
95465,2,SANTA-ROSA_724957,724957.0,1.0
95466,1,EUREKA_725940,725940.0,1.0
95466,2,UKIAH_725905,725905.0,1.0
95467,2,SANTA-ROSA_724957,724957.0,1.0
95468,1,EUREKA_725940,725940.0,1.0
95468,2,UKIAH_725905,725905.0,1.0
95469,16,BLUE-CANYON_725845,725845.0,1.0
95469,2,UKIAH_725905,725905.0,1.0
95470,1,EUREKA_725940,725940.0,1.0
95470,2,UKIAH_725905,725905.0,1.0
95472,1,EUREKA_725940,725940.0,1.0
95472,2,SANTA-ROSA_724957,724957.0,1.0
95476,2,NAPA-CO_724955,724955.0,1.0
95476,3,OAKLAND_724930,724930.0,1.0
95480,1,EUREKA_725940,725940.0,1.0
95482,2,UKIAH_725905,725905.0,1.0
95485,2,UKIAH_725905,725905.0,1.0
95488,1,EUREKA_725940,725940.0,1.0
95490,1,EUREKA_725940,725940.0,1.0
95490,16,MOUNT-SHASTA_725957,725957.0,1.0
95490,2,UKIAH_725905,725905.0,1.0
95492,2,SANTA-ROSA_724957,724957.0,1.0
95493,2,UKIAH_725905,725905.0,1.0
95494,2,UKIAH_725905,725905.0,1.0
95497,1,EUREKA_725940,725940.0,1.0
95501,1,EUREKA_725940,725940.0,1.0
95503,1,EUREKA_725940,725940.0,1.0
95511,2,UKIAH_725905,725905.0,1.0
95514,2,UKIAH_725905,725905.0,1.0
95519,1,ARCATA_725945,725945.0,1.0
95521,1,EUREKA_725940,725940.0,1.0
95524,1,EUREKA_725940,725940.0,1.0
95525,1,ARCATA_725945,725945.0,1.0
95525,2,UKIAH_725905,725905.0,1.0
95526,16,MOUNT-SHASTA_725957,725957.0,1.0
95526,2,UKIAH_725905,725905.0,1.0
95527,16,MOUNT-SHASTA_725957,725957.0,1.0
95527,2,UKIAH_725905,725905.0,1.0
95528,1,EUREKA_725940,725940.0,1.0
95528,2,UKIAH_725905,725905.0,1.0
95531,1,CRESCENT-CITY_725946,725946.0,1.0
95531,16,MONTAGUE-SISKIYOU-CO_725955,725955.0,1.0
95536,1,EUREKA_725940,725940.0,1.0
95540,1,EUREKA_725940,725940.0,1.0
95542,1,EUREKA_725940,725940.0,1.0
95542,2,UKIAH_725905,725905.0,1.0
95543,1,CRESCENT-CITY_725946,725946.0,1.0
95543,16,MONTAGUE-SISKIYOU-CO_725955,725955.0,1.0
95546,1,ARCATA_725945,725945.0,1.0
95546,16,MOUNT-SHASTA_725957,725957.0,1.0
95546,2,UKIAH_725905,725905.0,1.0
95547,1,EUREKA_725940,725940.0,1.0
95548,1,CRESCENT-CITY_725946,725946.0,1.0
95548,16,MONTAGUE-SISKIYOU-CO_725955,725955.0,1.0
95549,1,EUREKA_725940,725940.0,1.0
95549,2,UKIAH_725905,725905.0,1.0
95550,1,EUREKA_725940,725940.0,1.0
95550,2,UKIAH_725905,725905.0,1.0
95551,1,EUREKA_725940,725940.0,1.0
95552,2,UKIAH_725905,725905.0,1.0
95554,1,EUREKA_725940,725940.0,1.0
95554,2,UKIAH_725905,725905.0,1.0
95555,1,ARCATA_725945,725945.0,1.0
95556,16,MOUNT-SHASTA_725957,725957.0,1.0
95556,2,UKIAH_725905,725905.0,1.0
95558,1,EUREKA_725940,725940.0,1.0
95560,1,EUREKA_725940,725940.0,1.0
95560,2,UKIAH_725905,725905.0,1.0
95562,1,EUREKA_725940,725940.0,1.0
95563,16,MOUNT-SHASTA_725957,725957.0,1.0
95563,2,UKIAH_725905,725905.0,1.0
95564,1,EUREKA_725940,725940.0,1.0
95565,1,EUREKA_725940,725940.0,1.0
95565,2,UKIAH_725905,725905.0,1.0
95567,1,CRESCENT-CITY_725946,725946.0,1.0
95567,16,MONTAGUE-SISKIYOU-CO_725955,725955.0,1.0
95568,16,MONTAGUE-SISKIYOU-CO_725955,725955.0,1.0
95568,2,UKIAH_725905,725905.0,1.0
95569,1,EUREKA_725940,725940.0,1.0
95569,2,UKIAH_725905,725905.0,1.0
95570,1,ARCATA_725945,725945.0,1.0
95573,16,MOUNT-SHASTA_725957,725957.0,1.0
95573,2,UKIAH_725905,725905.0,1.0
95585,1,EUREKA_725940,725940.0,1.0
95585,2,UKIAH_725905,725905.0,1.0
95587,1,EUREKA_725940,725940.0,1.0
95587,2,UKIAH_725905,725905.0,1.0
95589,1,EUREKA_725940,725940.0,1.0
95589,2,UKIAH_725905,725905.0,1.0
95595,16,MOUNT-SHASTA_725957,725957.0,1.0
95595,2,UKIAH_725905,725905.0,1.0
95602,11,MARYSVILLE-BEALE-AFB_724837,724837.0,1.0
95603,11,MARYSVILLE-BEALE-AFB_724837,724837.0,1.0
95603,12,SACRAMENTO-METRO_724839,724839.0,1.0
95605,12,SACRAMENTO-EXECUTIVE_724830,724830.0,1.0
95606,12,SACRAMENTO-METRO_724839,724839.0,1.0
95606,2,SANTA-ROSA_724957,724957.0,1.0
95607,12,SACRAMENTO-METRO_724839,724839.0,1.0
95607,2,NAPA-CO_724955,724955.0,1.0
95608,12,SACRAMENTO-EXECUTIVE_724830,724830.0,1.0
95610,11,MARYSVILLE-BEALE-AFB_724837,724837.0,1.0
95610,12,SACRAMENTO-METRO_724839,724839.0,1.0
95612,12,SACRAMENTO-EXECUTIVE_724830,724830.0,1.0
95614,11,MARYSVILLE-BEALE-AFB_724837,724837.0,1.0
95614,12,SACRAMENTO-METRO_724839,724839.0,1.0
95615,12,SACRAMENTO-EXECUTIVE_724830,724830.0,1.0
95616,12,SACRAMENTO-EXECUTIVE_724830,724830.0,1.0
95618,12,SACRAMENTO-EXECUTIVE_724830,724830.0,1.0
95619,12,SACRAMENTO-EXECUTIVE_724830,724830.0,1.0
95620,12,FAIRFLD-TRAVIS-AFB_745160,745160.0,1.0
95621,11,MARYSVILLE-BEALE-AFB_724837,724837.0,1.0
95621,12,SACRAMENTO-METRO_724839,724839.0,1.0
95623,12,SACRAMENTO-EXECUTIVE_724830,724830.0,1.0
95624,12,SACRAMENTO-EXECUTIVE_724830,724830.0,1.0
95626,11,YUBA-CO_724838,724838.0,1.0
95626,12,SACRAMENTO-METRO_724839,724839.0,1.0
95627,12,SACRAMENTO-METRO_724839,724839.0,1.0
95628,12,SACRAMENTO-EXECUTIVE_724830,724830.0,1.0
95629,12,SACRAMENTO-EXECUTIVE_724830,724830.0,1.0
95629,16,SOUTH-LAKE-TAHOE_725847,725847.0,1.0
95630,11,MARYSVILLE-BEALE-AFB_724837,724837.0,1.0
95630,12,SACRAMENTO-EXECUTIVE_724830,724830.0,1.0
95631,11,MARYSVILLE-BEALE-AFB_724837,724837.0,1.0
95631,12,SACRAMENTO-METRO_724839,724839.0,1.0
95631,16,BLUE-CANYON_725845,725845.0,1.0
95632,12,SACRAMENTO-EXECUTIVE_724830,724830.0,1.0
95633,12,SACRAMENTO-METRO_724839,724839.0,1.0
95633,16,BLUE-CANYON_725845,725845.0,1.0
95634,12,SACRAMENTO-METRO_724839,724839.0,1.0
95634,16,BLUE-CANYON_725845,725845.0,1.0
95635,11,MARYSVILLE-BEALE-AFB_724837,724837.0,1.0
95635,12,SACRAMENTO-METRO_724839,724839.0,1.0
95635,16,BLUE-CANYON_725845,725845.0,1.0
95636,12,SACRAMENTO-EXECUTIVE_724830,724830.0,1.0
95636,16,SOUTH-LAKE-TAHOE_725847,725847.0,1.0
95637,12,SACRAMENTO-METRO_724839,724839.0,1.0
95638,12,SACRAMENTO-EXECUTIVE_724830,724830.0,1.0
95640,12,SACRAMENTO-EXECUTIVE_724830,724830.0,1.0
95641,12,FAIRFLD-TRAVIS-AFB_745160,745160.0,1.0
95642,12,STOCKTON_724920,724920.0,1.0
95645,11,YUBA-CO_724838,724838.0,1.0
95645,12,SACRAMENTO-METRO_724839,724839.0,1.0
95648,11,MARYSVILLE-BEALE-AFB_724837,724837.0,1.0
95650,11,MARYSVILLE-BEALE-AFB_724837,724837.0,1.0
95650,12,SACRAMENTO-METRO_724839,724839.0,1.0
95651,12,SACRAMENTO-METRO_724839,724839.0,1.0
95652,12,SACRAMENTO-METRO_724839,724839.0,1.0
95653,12,SACRAMENTO-METRO_724839,724839.0,1.0
95655,12,SACRAMENTO-EXECUTIVE_724830,724830.0,1.0
95658,11,MARYSVILLE-BEALE-AFB_724837,724837.0,1.0
95658,12,SACRAMENTO-METRO_724839,724839.0,1.0
95659,11,YUBA-CO_724838,724838.0,1.0
95659,12,SACRAMENTO-METRO_724839,724839.0,1.0
95660,12,SACRAMENTO-METRO_724839,724839.0,1.0
95661,11,MARYSVILLE-BEALE-AFB_724837,724837.0,1.0
95661,12,SACRAMENTO-METRO_724839,724839.0,1.0
95662,12,SACRAMENTO-METRO_724839,724839.0,1.0
95663,11,MARYSVILLE-BEALE-AFB_724837,724837.0,1.0
95664,11,MARYSVILLE-BEALE-AFB_724837,724837.0,1.0
95664,12,SACRAMENTO-METRO_724839,724839.0,1.0
95665,12,STOCKTON_724920,724920.0,1.0
95666,12,SACRAMENTO-EXECUTIVE_724830,724830.0,1.0
95666,16,SOUTH-LAKE-TAHOE_725847,725847.0,1.0
95667,12,SACRAMENTO-EXECUTIVE_724830,724830.0,1.0
95667,16,BLUE-CANYON_725845,725845.0,1.0
95668,11,YUBA-CO_724838,724838.0,1.0
95669,12,SACRAMENTO-EXECUTIVE_724830,724830.0,1.0
95670,12,SACRAMENTO-EXECUTIVE_724830,724830.0,1.0
95672,12,SACRAMENTO-METRO_724839,724839.0,1.0
95673,12,SACRAMENTO-METRO_724839,724839.0,1.0
95674,11,YUBA-CO_724838,724838.0,1.0
95677,11,MARYSVILLE-BEALE-AFB_724837,724837.0,1.0
95678,11,MARYSVILLE-BEALE-AFB_724837,724837.0,1.0
95678,12,SACRAMENTO-METRO_724839,724839.0,1.0
95679,11,YUBA-CO_724838,724838.0,1.0
95679,12,SACRAMENTO-METRO_724839,724839.0,1.0
95679,2,SANTA-ROSA_724957,724957.0,1.0
95681,11,MARYSVILLE-BEALE-AFB_724837,724837.0,1.0
95682,12,SACRAMENTO-EXECUTIVE_724830,724830.0,1.0
95683,12,SACRAMENTO-EXECUTIVE_724830,724830.0,1.0
95684,12,SACRAMENTO-EXECUTIVE_724830,724830.0,1.0
95684,16,SOUTH-LAKE-TAHOE_725847,725847.0,1.0
95685,12,SACRAMENTO-EXECUTIVE_724830,724830.0,1.0
95687,12,FAIRFLD-TRAVIS-AFB_745160,745160.0,1.0
95688,12,FAIRFLD-TRAVIS-AFB_745160,745160.0,1.0
95688,2,NAPA-CO_724955,724955.0,1.0
95689,12,SACRAMENTO-EXECUTIVE_724830,724830.0,1.0
95689,16,SOUTH-LAKE-TAHOE_725847,725847.0,1.0
95690,12,FAIRFLD-TRAVIS-AFB_745160,745160.0,1.0
95691,11,YUBA-CO_724838,724838.0,1.0
95691,12,SACRAMENTO-METRO_724839,724839.0,1.0
95692,11,MARYSVILLE-BEALE-AFB_724837,724837.0,1.0
95693,12,SACRAMENTO-EXECUTIVE_724830,724830.0,1.0
95694,12,FAIRFLD-TRAVIS-AFB_745160,745160.0,1.0
95694,2,NAPA-CO_724955,724955.0,1.0
95695,12,SACRAMENTO-METRO_724839,724839.0,1.0
95698,12,SACRAMENTO-METRO_724839,724839.0,1.0
95701,16,BLUE-CANYON_725845,725845.0,1.0
95703,11,MARYSVILLE-BEALE-AFB_724837,724837.0,1.0
95709,12,SACRAMENTO-EXECUTIVE_724830,724830.0,1.0
95709,16,BLUE-CANYON_725845,725845.0,1.0
95713,11,MARYSVILLE-BEALE-AFB_724837,724837.0,1.0
95713,16,BLUE-CANYON_725845,725845.0,1.0
95714,16,BLUE-CANYON_725845,725845.0,1.0
95715,16,BLUE-CANYON_725845,725845.0,1.0
95717,16,BLUE-CANYON_725845,725845.0,1.0
95720,16,SOUTH-LAKE-TAHOE_725847,725847.0,1.0
95721,16,SOUTH-LAKE-TAHOE_725847,725847.0,1.0
95722,11,MARYSVILLE-BEALE-AFB_724837,724837.0,1.0
95724,16,BLUE-CANYON_725845,725845.0,1.0
95726,12,SACRAMENTO-EXECUTIVE_724830,724830.0,1.0
95726,16,SOUTH-LAKE-TAHOE_725847,725847.0,1.0
95728,16,TRUCKEE-TAHOE_725846,725846.0,1.0
95735,16,SOUTH-LAKE-TAHOE_725847,725847.0,1.0
95742,12,SACRAMENTO-EXECUTIVE_724830,724830.0,1.0
95746,11,MARYSVILLE-BEALE-AFB_724837,724837.0,1.0
95746,12,SACRAMENTO-METRO_724839,724839.0,1.0
95747,11,MARYSVILLE-BEALE-AFB_724837,724837.0,1.0
95747,12,SACRAMENTO-METRO_724839,724839.0,1.0
95757,12,SACRAMENTO-EXECUTIVE_724830,724830.0,1.0
95758,12,SACRAMENTO-EXECUTIVE_724830,724830.0,1.0
95762,12,SACRAMENTO-EXECUTIVE_724830,724830.0,1.0
95765,11,MARYSVILLE-BEALE-AFB_724837,724837.0,1.0
95776,11,YUBA-CO_724838,724838.0,1.0
95776,12,SACRAMENTO-METRO_724839,724839.0,1.0
95811,12,SACRAMENTO-EXECUTIVE_724830,724830.0,1.0
95814,12,SACRAMENTO-EXECUTIVE_724830,724830.0,1.0
95815,12,SACRAMENTO-EXECUTIVE_724830,724830.0,1.0
95816,12,SACRAMENTO-EXECUTIVE_724830,724830.0,1.0
95817,12,SACRAMENTO-EXECUTIVE_724830,724830.0,1.0
95818,12,SACRAMENTO-EXECUTIVE_724830,724830.0,1.0
95819,12,SACRAMENTO-EXECUTIVE_724830,724830.0,1.0
95820,12,SACRAMENTO-EXECUTIVE_724830,724830.0,1.0
95821,12,SACRAMENTO-EXECUTIVE_724830,724830.0,1.0
95822,12,SACRAMENTO-EXECUTIVE_724830,724830.0,1.0
95823,12,SACRAMENTO-EXECUTIVE_724830,724830.0,1.0
95824,12,SACRAMENTO-EXECUTIVE_724830,724830.0,1.0
95825,12,SACRAMENTO-EXECUTIVE_724830,724830.0,1.0
95826,12,SACRAMENTO-EXECUTIVE_724830,724830.0,1.0
95827,12,SACRAMENTO-EXECUTIVE_724830,724830.0,1.0
95828,12,SACRAMENTO-EXECUTIVE_724830,724830.0,1.0
95829,12,SACRAMENTO-EXECUTIVE_724830,724830.0,1.0
95830,12,SACRAMENTO-EXECUTIVE_724830,724830.0,1.0
95831,12,SACRAMENTO-EXECUTIVE_724830,724830.0,1.0
95832,12,SACRAMENTO-EXECUTIVE_724830,724830.0,1.0
95833,12,SACRAMENTO-METRO_724839,724839.0,1.0
95834,12,SACRAMENTO-METRO_724839,724839.0,1.0
95835,12,SACRAMENTO-METRO_724839,724839.0,1.0
95836,11,YUBA-CO_724838,724838.0,1.0
95836,12,SACRAMENTO-METRO_724839,724839.0,1.0
95837,11,YUBA-CO_724838,724838.0,1.0
95837,12,SACRAMENTO-METRO_724839,724839.0,1.0
95838,12,SACRAMENTO-METRO_724839,724839.0,1.0
95841,12,SACRAMENTO-METRO_724839,724839.0,1.0
95842,12,SACRAMENTO-METRO_724839,724839.0,1.0
95843,11,MARYSVILLE-BEALE-AFB_724837,724837.0,1.0
95843,12,SACRAMENTO-METRO_724839,724839.0,1.0
95864,12,SACRAMENTO-EXECUTIVE_724830,724830.0,1.0
95901,11,MARYSVILLE-BEALE-AFB_724837,724837.0,1.0
95903,11,MARYSVILLE-BEALE-AFB_724837,724837.0,1.0
95910,16,BLUE-CANYON_725845,725845.0,1.0
95912,11,YUBA-CO_724838,724838.0,1.0
95912,12,SACRAMENTO-METRO_724839,724839.0,1.0
95914,11,MARYSVILLE-BEALE-AFB_724837,724837.0,1.0
95915,16,BLUE-CANYON_725845,725845.0,1.0
95916,11,MARYSVILLE-BEALE-AFB_724837,724837.0,1.0
95916,16,BLUE-CANYON_725845,725845.0,1.0
95917,11,YUBA-CO_724838,724838.0,1.0
95918,11,MARYSVILLE-BEALE-AFB_724837,724837.0,1.0
95919,11,MARYSVILLE-BEALE-AFB_724837,724837.0,1.0
95919,16,BLUE-CANYON_725845,725845.0,1.0
95920,11,YUBA-CO_724838,724838.0,1.0
95922,11,MARYSVILLE-BEALE-AFB_724837,724837.0,1.0
95922,16,BLUE-CANYON_725845,725845.0,1.0
95923,16,BLUE-CANYON_725845,725845.0,1.0
95925,11,MARYSVILLE-BEALE-AFB_724837,724837.0,1.0
95925,16,BLUE-CANYON_725845,725845.0,1.0
95926,11,RED-BLUFF_725910,725910.0,1.0
95928,11,RED-BLUFF_725910,725910.0,1.0
95932,11,YUBA-CO_724838,724838.0,1.0
95934,16,BLUE-CANYON_725845,725845.0,1.0
95935,11,MARYSVILLE-BEALE-AFB_724837,724837.0,1.0
95935,16,BLUE-CANYON_725845,725845.0,1.0
95936,16,BLUE-CANYON_725845,725845.0,1.0
95937,11,YUBA-CO_724838,724838.0,1.0
95937,12,SACRAMENTO-METRO_724839,724839.0,1.0
95938,11,YUBA-CO_724838,724838.0,1.0
95939,11,RED-BLUFF_725910,725910.0,1.0
95939,16,BLUE-CANYON_725845,725845.0,1.0
95939,2,UKIAH_725905,725905.0,1.0
95941,11,MARYSVILLE-BEALE-AFB_724837,724837.0,1.0
95941,16,BLUE-CANYON_725845,725845.0,1.0
95942,11,RED-BLUFF_725910,725910.0,1.0
95942,16,BLUE-CANYON_725845,725845.0,1.0
95943,11,RED-BLUFF_725910,725910.0,1.0
95944,16,BLUE-CANYON_725845,725845.0,1.0
95945,11,MARYSVILLE-BEALE-AFB_724837,724837.0,1.0
95945,16,BLUE-CANYON_725845,725845.0,1.0
95946,11,MARYSVILLE-BEALE-AFB_724837,724837.0,1.0
95947,16,BLUE-CANYON_725845,725845.0,1.0
95948,11,YUBA-CO_724838,724838.0,1.0
95949,11,MARYSVILLE-BEALE-AFB_724837,724837.0,1.0
95951,11,RED-BLUFF_725910,725910.0,1.0
95953,11,YUBA-CO_724838,724838.0,1.0
95954,11,RED-BLUFF_725910,725910.0,1.0
95954,16,BLUE-CANYON_725845,725845.0,1.0
95955,11,YUBA-CO_724838,724838.0,1.0
95956,16,BLUE-CANYON_725845,725845.0,1.0
95957,11,YUBA-CO_724838,724838.0,1.0
95959,11,MARYSVILLE-BEALE-AFB_724837,724837.0,1.0
95959,16,BLUE-CANYON_725845,725845.0,1.0
95960,11,MARYSVILLE-BEALE-AFB_724837,724837.0,1.0
95960,16,BLUE-CANYON_725845,725845.0,1.0
95961,11,YUBA-CO_724838,724838.0,1.0
95962,11,MARYSVILLE-BEALE-AFB_724837,724837.0,1.0
95963,11,RED-BLUFF_725910,725910.0,1.0
95963,16,BLUE-CANYON_725845,725845.0,1.0
95965,11,YUBA-CO_724838,724838.0,1.0
95965,16,BLUE-CANYON_725845,725845.0,1.0
95966,11,MARYSVILLE-BEALE-AFB_724837,724837.0,1.0
95966,16,BLUE-CANYON_725845,725845.0,1.0
95968,11,MARYSVILLE-BEALE-AFB_724837,724837.0,1.0
95969,11,RED-BLUFF_725910,725910.0,1.0
95970,11,YUBA-CO_724838,724838.0,1.0
95971,16,BLUE-CANYON_725845,725845.0,1.0
95972,11,MARYSVILLE-BEALE-AFB_724837,724837.0,1.0
95973,11,RED-BLUFF_725910,725910.0,1.0
95973,16,BLUE-CANYON_725845,725845.0,1.0
95975,11,MARYSVILLE-BEALE-AFB_724837,724837.0,1.0
95977,11,MARYSVILLE-BEALE-AFB_724837,724837.0,1.0
95979,11,YUBA-CO_724838,724838.0,1.0
95979,16,BLUE-CANYON_725845,725845.0,1.0
95979,2,UKIAH_725905,725905.0,1.0
95981,16,BLUE-CANYON_725845,725845.0,1.0
95982,11,YUBA-CO_724838,724838.0,1.0
95983,16,BLUE-CANYON_725845,725845.0,1.0
95984,16,BLUE-CANYON_725845,725845.0,1.0
95987,11,YUBA-CO_724838,724838.0,1.0
95987,12,SACRAMENTO-METRO_724839,724839.0,1.0
95987,2,UKIAH_725905,725905.0,1.0
95988,11,RED-BLUFF_725910,725910.0,1.0
95991,11,YUBA-CO_724838,724838.0,1.0
95993,11,YUBA-CO_724838,724838.0,1.0
96001,11,REDDING_725920,725920.0,1.0
96001,16,MOUNT-SHASTA_725957,725957.0,1.0
96002,11,REDDING_725920,725920.0,1.0
96003,11,REDDING_725920,725920.0,1.0
96006,16,ALTURAS_725958,725958.0,1.0
96007,11,REDDING_725920,725920.0,1.0
96008,11,REDDING_725920,725920.0,1.0
96010,16,MOUNT-SHASTA_725957,725957.0,1.0
96013,16,MOUNT-SHASTA_725957,725957.0,1.0
96014,16,MOUNT-SHASTA_725957,725957.0,1.0
96015,16,ALTURAS_725958,725958.0,1.0
96016,16,MOUNT-SHASTA_725957,725957.0,1.0
96019,11,REDDING_725920,725920.0,1.0
96020,16,BLUE-CANYON_725845,725845.0,1.0
96021,11,RED-BLUFF_725910,725910.0,1.0
96022,11,REDDING_725920,725920.0,1.0
96023,16,MONTAGUE-SISKIYOU-CO_725955,725955.0,1.0
96024,11,REDDING_725920,725920.0,1.0
96024,16,MOUNT-SHASTA_725957,725957.0,1.0
96025,16,MOUNT-SHASTA_725957,725957.0,1.0
96027,16,MOUNT-SHASTA_725957,725957.0,1.0
96028,16,MOUNT-SHASTA_725957,725957.0,1.0
96031,16,MOUNT-SHASTA_725957,725957.0,1.0
96031,2,UKIAH_725905,725905.0,1.0
96032,16,MONTAGUE-SISKIYOU-CO_725955,725955.0,1.0
96033,11,REDDING_725920,725920.0,1.0
96033,16,MOUNT-SHASTA_725957,725957.0,1.0
96034,16,MOUNT-SHASTA_725957,725957.0,1.0
96035,11,RED-BLUFF_725910,725910.0,1.0
96038,16,MONTAGUE-SISKIYOU-CO_725955,725955.0,1.0
96039,16,MONTAGUE-SISKIYOU-CO_725955,725955.0,1.0
96040,16,MOUNT-SHASTA_725957,725957.0,1.0
96041,16,MOUNT-SHASTA_725957,725957.0,1.0
96044,16,MONTAGUE-SISKIYOU-CO_725955,725955.0,1.0
96046,16,MOUNT-SHASTA_725957,725957.0,1.0
96046,2,UKIAH_725905,725905.0,1.0
96047,11,REDDING_725920,725920.0,1.0
96047,16,MOUNT-SHASTA_725957,725957.0,1.0
96048,16,MOUNT-SHASTA_725957,725957.0,1.0
96050,16,MONTAGUE-SISKIYOU-CO_725955,725955.0,1.0
96051,11,REDDING_725920,725920.0,1.0
96051,16,MOUNT-SHASTA_725957,725957.0,1.0
96052,11,REDDING_725920,725920.0,1.0
96052,16,MOUNT-SHASTA_725957,725957.0,1.0
96054,16,ALTURAS_725958,725958.0,1.0
96055,11,RED-BLUFF_725910,725910.0,1.0
96056,16,ALTURAS_725958,725958.0,1.0
96057,16,MOUNT-SHASTA_725957,725957.0,1.0
96058,16,MONTAGUE-SISKIYOU-CO_725955,725955.0,1.0
96059,11,REDDING_725920,725920.0,1.0
96059,16,MOUNT-SHASTA_725957,725957.0,1.0
96062,11,REDDING_725920,725920.0,1.0
96063,16,MOUNT-SHASTA_725957,725957.0,1.0
96064,16,MONTAGUE-SISKIYOU-CO_725955,725955.0,1.0
96065,11,REDDING_725920,725920.0,1.0
96065,16,MOUNT-SHASTA_725957,725957.0,1.0
96067,16,MOUNT-SHASTA_725957,725957.0,1.0
96069,11,REDDING_725920,725920.0,1.0
96069,16,MOUNT-SHASTA_725957,725957.0,1.0
96071,16,MOUNT-SHASTA_725957,725957.0,1.0
96073,11,REDDING_725920,725920.0,1.0
96075,11,RED-BLUFF_725910,725910.0,1.0
96075,16,MOUNT-SHASTA_725957,725957.0,1.0
96076,11,REDDING_725920,725920.0,1.0
96076,16,MOUNT-SHASTA_725957,725957.0,1.0
96080,11,RED-BLUFF_725910,725910.0,1.0
96080,16,MOUNT-SHASTA_725957,725957.0,1.0
96085,16,MONTAGUE-SISKIYOU-CO_725955,725955.0,1.0
96086,16,MONTAGUE-SISKIYOU-CO_725955,725955.0,1.0
96087,11,REDDING_725920,725920.0,1.0
96088,11,REDDING_725920,725920.0,1.0
96088,16,MOUNT-SHASTA_725957,725957.0,1.0
96091,16,MOUNT-SHASTA_725957,725957.0,1.0
96093,16,MOUNT-SHASTA_725957,725957.0,1.0
96094,16,MOUNT-SHASTA_725957,725957.0,1.0
96096,11,REDDING_725920,725920.0,1.0
96096,16,MOUNT-SHASTA_725957,725957.0,1.0
96097,16,MONTAGUE-SISKIYOU-CO_725955,725955.0,1.0
96101,16,ALTURAS_725958,725958.0,1.0
96103,16,BLUE-CANYON_725845,725845.0,1.0
96104,16,ALTURAS_725958,725958.0,1.0
96105,16,TRUCKEE-TAHOE_725846,725846.0,1.0
96106,16,BLUE-CANYON_725845,725845.0,1.0
96107,16,SOUTH-LAKE-TAHOE_725847,725847.0,1.0
96108,16,ALTURAS_725958,725958.0,1.0
96109,16,TRUCKEE-TAHOE_725846,725846.0,1.0
96111,16,TRUCKEE-TAHOE_725846,725846.0,1.0
96112,16,ALTURAS_725958,725958.0,1.0
96113,16,TRUCKEE-TAHOE_725846,725846.0,1.0
96114,16,TRUCKEE-TAHOE_725846,725846.0,1.0
96115,16,ALTURAS_725958,725958.0,1.0
96116,16,ALTURAS_725958,725958.0,1.0
96117,16,ALTURAS_725958,725958.0,1.0
96118,16,TRUCKEE-TAHOE_725846,725846.0,1.0
96119,16,ALTURAS_725958,725958.0,1.0
96120,16,SOUTH-LAKE-TAHOE_725847,725847.0,1.0
96121,16,TRUCKEE-TAHOE_725846,725846.0,1.0
96122,16,TRUCKEE-TAHOE_725846,725846.0,1.0
96123,16,ALTURAS_725958,725958.0,1.0
96124,16,TRUCKEE-TAHOE_725846,725846.0,1.0
96125,16,BLUE-CANYON_725845,725845.0,1.0
96126,16,TRUCKEE-TAHOE_725846,725846.0,1.0
96128,16,TRUCKEE-TAHOE_725846,725846.0,1.0
96130,16,ALTURAS_725958,725958.0,1.0
96132,16,ALTURAS_725958,725958.0,1.0
96133,16,SOUTH-LAKE-TAHOE_725847,725847.0,1.0
96134,16,MONTAGUE-SISKIYOU-CO_725955,725955.0,1.0
96135,16,TRUCKEE-TAHOE_725846,725846.0,1.0
96136,16,TRUCKEE-TAHOE_725846,725846.0,1.0
96137,16,BLUE-CANYON_725845,725845.0,1.0
96140,16,TRUCKEE-TAHOE_725846,725846.0,1.0
96141,16,TRUCKEE-TAHOE_725846,725846.0,1.0
96142,16,SOUTH-LAKE-TAHOE_725847,725847.0,1.0
96143,16,TRUCKEE-TAHOE_725846,725846.0,1.0
96145,16,TRUCKEE-TAHOE_725846,725846.0,1.0
96146,16,TRUCKEE-TAHOE_725846,725846.0,1.0
96148,16,TRUCKEE-TAHOE_725846,725846.0,1.0
96150,16,SOUTH-LAKE-TAHOE_725847,725847.0,1.0
96161,16,TRUCKEE-TAHOE_725846,725846.0,1.0
96162,16,TRUCKEE-TAHOE_725846,725846.0,1.0
